Soil_Color,Soil_pH,Potassium_K,Phosphorus_P,Nitrogen_N,Zinc_Zn,Sulphur_S,Rainfall,Temperature,Humidity,Crop_Type
black,6.7,321.0,13.0,11.0,1.4,5.0,60,29,110,Maize
black,7.4,1643.0,240.0,35.94,6.7,14.0,60,29,110,Maize
brown,7.0,1644.0,230.0,25.1,11.1,11.0,40,30,100,Maize
brown,6.0,462.0,2.0,12.2,1.3,8.0,60,29,110,Maize
brown,8.14,153.0,7.17,20.0,1.01,17.3,40,30,100,Maize
black,7.0,1464.0,224.0,26.86,6.8,11.0,40,30,100,Maize
brown,5.9,315.0,3.0,21.7,2.3,13.0,60,29,110,Maize
black,6.5,1023.0,116.0,24.35,21.8,15.0,40,30,100,Maize
brown,5.2,515.0,4.0,20.3,1.3,19.0,40,30,100,Maize
black,6.2,1294.0,48.0,23.87,4.2,14.0,40,30,100,Maize
brown,5.6,495.0,17.0,19.85,2.5,7.0,40,30,100,Maize
black,6.1,245.0,3.0,12.2,2.0,8.0,90,25,100,Maize
black,5.7,532.0,3.0,20.68,2.3,13.0,90,25,100,Maize
reddish brown,5.19,291.0,3.24,26.0,3.03,14.7,90,25,100,Maize
reddish brown,5.14,257.0,1.93,23.0,1.55,11.9,90,25,100,Maize
brown,5.8,772.0,22.0,20.7,2.3,9.0,60,24,90,Maize
reddish brown,5.13,258.0,2.09,25.0,1.62,14.9,90,25,100,Maize
brown,7.25,192.0,21.8,17.6938188,1.0,6.6,90,25,100,Maize
brown,6.25,129.0,26.4,30.4697117,1.3,8.3,90,25,100,Maize
reddish brown,5.02,737.0,1.58,20.0,2.29,19.0,90,25,100,Maize
brown,6.65,70.0,6.3,17.0013338,1.0,5.4,90,25,100,Maize
brown,6.46,190.0,136.7,19.1791347,2.4,11.9,90,25,100,Maize
brown,5.87,95.0,7.5,9.8593947,0.9,6.4,90,25,100,Maize
brown,6.1,138.0,41.1,29.466682700000003,1.4,11.3,90,25,100,Maize
brown,4.62,163.0,2.07,19.0,0.83,26.5,90,25,100,Maize
black,5.7,298.0,3.0,20.48,1.5,6.0,60,24,90,Maize
brown,4.7,327.0,1.0,20.21,1.5,20.0,90,25,100,Maize
brown,6.32,123.0,19.2,5.0,0.8,8.0,90,25,100,Maize
brown,5.2,296.0,5.0,18.3923547,1.2,24.0,90,25,100,Maize
brown,6.65,61.0,7.4,22.025364,1.0,8.2,90,25,100,Maize
brown,7.82,266.0,0.6,13.0,0.94,8.74,60,24,90,Maize
brown,6.33,424.0,3.65,20.0,1.15,7.85,60,24,90,Maize
black,6.0,380.0,3.0,17.9883668,0.9,14.0,90,25,100,Maize
brown,5.41,370.0,8.51,21.0,2.07,9.84,60,24,90,Maize
black,6.94,189.0,1.5,14.4175153,0.8,0.05,90,25,100,Maize
black,7.0,431.0,8.0,10.4,1.4,9.0,100,28,120,Maize
black,7.16,223.0,5.4,19.0013995,2.1,0.05,100,28,120,Maize
black,7.64,329.0,12.4,15.9225412,1.3,0.05,100,28,120,Maize
black,6.65,263.0,4.1,14.5299107,1.2,0.05,100,28,120,Maize
black,6.9,594.0,6.0,8.95,1.6,11.0,100,28,120,Maize
black,6.0,186.4,6.84,11.8456249,1.15,5.71,90,25,100,Maize
brown,5.5,514.0,4.0,23.25,1.4,9.0,90,25,100,Maize
brown,6.22,92.0,10.1,10.0,1.44,7.24,100,28,120,Maize
black,6.96,491.0,27.0,12.0,1.57,9.83,60,24,90,Maize
black,7.12,448.0,66.7,10.0,2.74,12.3,100,28,120,Maize
black,6.5,408.0,4.0,12.740000000000002,1.5,10.0,100,28,120,Maize
brown,5.7,922.0,4.0,16.38,5.7,14.0,90,25,100,Maize
brown,5.0,222.15,4.98,22.9282801,1.4,25.17,90,25,100,Maize
brown,6.77,372.0,1.77,13.0,1.32,11.9,100,28,120,Maize
black,6.78,304.0,1.6,16.9855492,0.8,0.05,100,28,120,Maize
black,6.3,410.0,3.0,13.57,1.3,7.0,100,28,120,Maize
brown,6.0,208.0,4.0,11.34,1.6,4.0,60,24,90,Maize
black,6.4,349.0,3.0,12.36,1.3,7.0,100,28,120,Maize
black,5.8,365.0,4.0,0.9379812,1.1,11.0,90,25,100,Maize
black,6.7,631.0,4.0,15.15,2.1,9.0,60,24,90,Maize
brown,5.7,733.0,3.0,25.283498700000003,2.6,16.0,90,25,100,Maize
brown,5.5,240.0,2.0,16.81,1.8,9.0,90,25,100,Maize
black,6.6,545.0,6.0,12.65,1.4,9.0,100,28,120,Maize
black,5.8,352.0,3.0,0.9379812,0.9,10.0,90,25,100,Maize
brown,7.0,521.0,2.0,25.2362008,1.5,17.0,90,25,100,Maize
brown,7.2,530.0,3.0,23.53,4.4,7.0,100,28,120,Maize
brown,8.1,726.0,66.0,8.51,1.9,14.0,60,24,90,Maize
black,6.5,482.0,1.0,9.85,1.5,6.0,100,28,120,Maize
brown,5.6,703.0,9.0,22.76,3.1,9.0,90,25,100,Maize
brown,5.3,471.0,2.0,20.7024612,1.9,23.0,90,25,100,Maize
black,6.02,175.0,14.5,9.0,1.17,8.38,100,28,120,Maize
brown,7.0,165.0,4.0,25.2362008,1.5,11.0,90,25,100,Maize
brown,7.0,487.0,3.0,25.2362008,1.3,21.0,90,25,100,Maize
black,6.74,712.0,26.0,10.01781,2.64,10.7,100,28,120,Maize
brown,6.04,313.0,1.76,13.0,1.29,8.52,100,28,120,Maize
black,5.67,739.0,27.0,17.0,4.0,11.0,90,25,100,Maize
black,6.82,241.0,9.0,13.368017600000002,2.1,7.9,100,28,120,Maize
black,6.6,585.0,2.0,12.27,1.5,6.0,100,28,120,Maize
black,6.7,171.81,5.91,25.2041054,1.63,2.94,90,25,100,Maize
black,6.75,237.0,2.6,13.5172807,1.2,3.5,100,28,120,Maize
black,6.5,533.0,5.8,20.6286546,1.6,6.6,100,28,120,Maize
black,6.63,490.0,24.0,20.0703292,1.4,7.5,100,28,120,Maize
brown,5.3,244.54,11.62,21.4370848,1.84,15.75,90,25,100,Maize
black,7.87,569.0,16.0,9.0,3.0,9.0,60,24,90,Maize
black,6.2,399.0,5.0,14.26,1.5,6.0,100,28,120,Maize
brown,6.2,665.0,6.0,21.52,2.0,9.0,90,25,100,Maize
brown,6.1,262.0,3.0,7.199999999999999,1.3,14.0,90,25,100,Maize
brown,5.7,332.0,5.0,20.45,1.5,10.0,90,25,100,Maize
brown,6.9,369.0,3.0,17.119999999999997,2.3,11.0,60,24,90,Maize
brown,6.1,349.0,2.0,15.14,1.3,7.0,100,28,120,Maize
brown,6.1,674.0,6.0,21.19,2.1,8.0,90,25,100,Maize
brown,5.2,557.0,8.0,0.0261710999999999,1.9,11.0,90,25,100,Maize
brown,6.1,1052.0,15.0,7.199999999999999,4.1,17.0,90,25,100,Maize
reddish brown,4.65,335.0,3.96,28.000000000000004,2.1,20.2,100,28,120,Maize
black,6.15,194.0,0.05,13.6260294,1.5,3.9,100,28,120,Maize
brown,6.1,348.0,3.0,16.703758899999997,2.3,10.0,90,25,100,Maize
brown,5.8,425.0,3.0,19.44,1.9,9.0,90,25,100,Maize
brown,5.93,457.0,2.3,22.0,2.3,15.0,100,28,120,Maize
black,5.5,433.0,3.0,22.06,2.1,9.0,90,25,100,Maize
brown,6.61,657.0,8.53,12.0,2.02,13.1,60,24,90,Maize
brown,5.9,531.0,6.8,22.4338628,3.0,9.8,100,28,120,Maize
reddish brown,5.74,327.0,2.02,30.0,2.33,13.0,100,28,120,Maize
brown,5.8,514.0,2.0,21.55,1.7,10.0,90,25,100,Maize
reddish brown,6.38,1180.0,63.4,33.0,27.0,12.5,100,28,120,Maize
brown,5.6,357.0,2.0,15.3,1.9,13.0,90,25,100,Maize
brown,6.91,209.0,4.0,9.0,1.1,6.0,60,24,90,Maize
black,5.89,840.0,10.6,21.4515774,6.1,11.7,100,28,120,Maize
brown,5.8,337.0,5.0,25.0293402,2.0,11.0,90,25,100,Maize
brown,5.8,247.0,3.0,25.0293402,1.5,10.0,90,25,100,Maize
brown,6.56,281.0,4.0,16.0,1.8,7.0,60,24,90,Maize
black,6.3,1134.0,21.0,24.44,5.5,12.0,90,25,100,Maize
brown,6.0,462.0,27.0,13.39,3.5,9.0,90,25,100,Maize
black,6.5,415.0,13.0,16.0,1.5,6.0,50,26,90,Maize
brown,7.4,614.0,7.0,4.3662318,2.2,9.0,50,26,90,Maize
black,7.4,936.0,41.0,4.3662318,1.7,7.0,50,26,90,Maize
brown,5.8,388.0,5.0,25.0293402,2.0,10.0,90,25,100,Maize
black,6.0,533.0,13.0,16.0,2.5,8.0,50,26,90,Maize
brown,6.77,837.0,25.0,16.0,3.4,9.0,50,26,90,Maize
black,6.8,479.0,6.0,2.4284862,1.0,9.0,50,26,90,Maize
brown,5.3,242.0,7.0,22.79,1.4,11.0,90,25,100,Maize
brown,5.89,659.0,45.0,16.0,2.4,6.0,50,26,90,Maize
brown,5.89,417.0,5.0,16.0,1.6,5.0,50,26,90,Maize
brown,5.3,334.0,12.0,22.79,1.7,16.0,90,25,100,Maize
brown,6.1,230.0,3.0,11.77,2.2,7.0,90,25,100,Maize
black,6.1,709.0,63.0,11.77,2.3,7.0,90,25,100,Maize
brown,5.8,145.0,14.0,25.0293402,1.0,5.0,90,25,100,Maize
brown,5.2,196.0,4.0,14.08,0.7,11.0,50,26,90,Maize
brown,6.1,126.0,4.0,11.77,1.0,6.0,90,25,100,Maize
brown,5.99,606.0,60.0,16.0,5.4,14.0,50,26,90,Maize
black,7.7,213.0,2.8,15.3113977,0.8,0.05,110,25,110,Maize
brown,5.8,432.0,2.0,25.0293402,1.8,9.0,90,25,100,Maize
brown,5.4,313.0,6.0,13.33,1.8,10.0,90,25,100,Maize
black,5.8,592.0,34.0,25.0293402,2.6,11.0,90,25,100,Maize
black,5.8,339.0,3.0,25.0293402,1.9,6.0,90,25,100,Maize
brown,5.8,199.0,3.0,25.0293402,1.4,7.0,90,25,100,Maize
brown,5.8,172.0,3.0,25.0293402,1.7,9.0,90,25,100,Maize
brown,5.8,415.0,4.0,25.0293402,1.1,7.0,90,25,100,Maize
brown,5.85,419.0,21.0,22.89,2.1,9.0,90,25,100,Maize
brown,5.8,237.0,4.0,25.0293402,2.3,10.0,90,25,100,Maize
brown,5.8,474.0,24.0,25.0293402,3.0,11.0,90,25,100,Maize
brown,5.4,188.0,5.0,13.33,1.7,10.0,90,25,100,Maize
brown,5.8,191.91,2.35,25.0293402,2.45,4.95,90,25,100,Maize
brown,6.0,235.0,7.0,9.69,1.3,8.0,90,25,100,Maize
brown,6.0,210.0,15.0,9.69,1.2,5.0,90,25,100,Maize
black,6.0,147.0,8.0,9.69,1.0,7.0,90,25,100,Maize
black,5.91,173.99,3.25,22.89,1.71,5.08,90,25,100,Maize
brown,6.25,258.0,10.0,22.89,1.1,7.0,90,25,100,Maize
brown,5.8,411.0,14.0,25.0293402,1.7,9.0,90,25,100,Maize
black,5.8,269.0,2.0,25.0293402,1.3,7.0,90,25,100,Maize
brown,6.0,406.0,11.0,9.69,2.7,8.0,90,25,100,Maize
brown,6.0,241.0,6.0,9.69,1.4,7.0,110,25,110,Maize
brown,5.85,669.0,44.0,22.89,3.0,12.0,90,25,100,Maize
black,5.85,588.0,64.0,22.89,2.2,8.0,90,25,100,Maize
brown,5.85,320.0,24.0,22.89,1.8,6.0,90,25,100,Maize
black,5.8,712.0,70.0,25.0293402,2.9,10.0,90,25,100,Maize
black,5.8,335.0,17.0,25.0293402,2.0,5.0,90,25,100,Maize
brown,6.0,195.0,2.0,9.69,0.8,10.0,90,25,100,Maize
reddish brown,6.0,140.0,1.0,9.69,0.6,9.0,90,25,100,Maize
brown,6.0,210.0,6.0,9.69,1.9,9.0,90,25,100,Maize
brown,6.4,392.0,7.0,12.09,1.6,6.0,90,25,100,Maize
brown,5.8,687.0,42.0,25.0293402,2.6,12.0,90,25,100,Maize
brown,6.74,342.0,9.0,22.89,2.8,6.0,90,25,100,Maize
reddish brown,6.4,220.0,3.0,12.09,1.7,11.0,90,25,100,Maize
brown,5.63,149.0,3.0,22.89,1.0,11.0,90,25,100,Maize
brown,5.8,373.0,11.0,25.0293402,3.5,7.0,90,25,100,Maize
brown,5.8,700.0,27.0,25.0293402,2.2,12.0,90,25,100,Maize
black,6.4,595.0,4.0,16.1,2.7,9.0,90,25,100,Maize
brown,5.8,180.0,4.0,25.0293402,1.2,6.0,90,25,100,Maize
black,5.8,361.0,2.0,25.0293402,1.1,10.0,90,25,100,Maize
brown,5.8,250.0,2.0,25.0293402,1.1,8.0,90,25,100,Maize
brown,6.37,995.0,65.0,11.1842553,12.8,13.0,90,25,100,Maize
brown,6.8,410.35,26.16,8.84,4.02,5.03,90,25,100,Maize
black,6.3,1162.0,135.0,7.32,8.3,10.0,90,25,100,Maize
brown,5.85,322.0,4.0,22.89,1.2,9.0,90,25,100,Maize
brown,5.8,404.0,24.0,25.0293402,1.8,5.0,90,25,100,Maize
brown,6.5,859.0,89.0,18.75,3.7,9.0,90,25,100,Maize
brown,5.55,484.0,7.0,22.89,2.2,11.0,50,26,90,Maize
black,6.5,300.0,7.0,7.380000000000001,1.4,5.0,90,25,100,Maize
brown,5.3,367.0,10.0,28.610000000000003,1.0,10.0,90,25,100,Maize
black,7.7,540.0,2.0,10.67,1.3,3.0,90,25,100,Maize
brown,5.8,326.0,39.0,23.26,2.2,6.0,90,25,100,Maize
brown,5.2,280.0,5.0,16.220000000000002,0.9,5.0,90,25,100,Maize
black,6.15,239.0,1.2,7.9226038,1.1,3.8,90,25,100,Maize
black,5.9,262.0,1.0,14.96,1.0,4.0,90,25,100,Maize
black,6.55,271.0,0.05,13.1968013,1.0,0.05,90,25,100,Maize
brown,6.0,525.0,2.0,18.67,1.9,8.0,90,25,100,Maize
brown,5.3,92.0,2.0,20.17,0.8,17.0,110,25,110,Maize
brown,6.2,853.0,15.0,21.6,2.2,8.0,90,25,100,Maize
brown,6.0,731.0,4.0,21.19,2.1,8.0,90,25,100,Maize
brown,6.2,686.0,12.0,16.27,3.1,6.0,90,25,100,Maize
black,6.0,571.0,4.0,23.74,1.9,7.0,90,25,100,Maize
brown,5.3,440.0,3.0,20.17,1.9,5.0,70,28,110,Maize
brown,5.3,176.0,3.0,20.17,1.4,7.0,70,28,110,Maize
brown,5.6,381.0,18.0,13.76,3.6,6.0,70,28,110,Maize
brown,6.0,459.0,5.0,11.53,2.5,7.0,70,28,110,Maize
brown,6.4,951.0,7.0,16.06,3.0,10.0,70,28,110,Maize
brown,5.8,500.0,3.0,16.24,1.6,9.0,70,28,110,Maize
black,6.5,636.0,5.0,10.24,1.7,6.0,70,28,110,Maize
brown,5.5,645.0,4.0,15.12,1.6,9.0,70,28,110,Maize
brown,5.2,139.0,3.0,21.44,0.8,14.0,80,29,110,Maize
brown,5.1,328.0,2.0,17.549999999999997,1.0,9.0,80,29,110,Maize
black,5.1,153.0,4.0,23.44,1.9,14.0,70,28,110,Maize
brown,5.3,128.0,2.0,20.83,0.9,13.0,80,29,110,Maize
brown,5.2,189.0,2.0,17.7,0.8,17.0,80,29,110,Maize
reddish brown,5.54,439.0,2.12,20.0,1.68,8.31,70,28,110,Maize
brown,5.8,560.0,6.0,18.53,1.7,8.0,70,28,110,Maize
brown,4.9,309.0,1.0,19.22,0.7,13.0,80,29,110,Maize
brown,5.7,270.0,2.0,20.12,1.0,10.0,80,29,110,Maize
brown,5.1,634.0,4.0,23.44,3.6,4.0,70,28,110,Maize
black,5.1,293.0,2.0,23.44,1.6,10.0,70,28,110,Maize
black,5.1,260.0,1.0,23.44,2.4,0.5,70,28,110,Maize
black,5.1,298.0,2.0,23.44,1.9,0.5,70,28,110,Maize
brown,5.0,430.0,4.0,18.66,2.3,12.0,80,29,110,Maize
brown,5.5,862.0,3.0,23.380000000000003,3.1,12.0,80,29,110,Maize
reddish brown,5.45,307.0,0.44,14.000000000000002,1.01,11.0,70,28,110,Maize
brown,5.1,339.0,4.0,22.1,2.7,10.0,80,29,110,Maize
brown,6.3,774.0,5.0,27.76,3.3,9.0,80,29,110,Maize
reddish brown,6.13,363.0,2.88,15.0,1.81,6.29,70,28,110,Maize
brown,5.4,299.0,3.0,19.45,1.7,11.0,80,29,110,Maize
black,6.3,247.0,18.6,24.0,1.87,8.66,70,28,110,Maize
black,6.76,250.0,4.09,17.0,1.31,7.77,70,28,110,Maize
brown,5.39,263.0,2.1,21.0,1.43,14.5,70,28,110,Maize
brown,5.7,380.0,2.34,12.0,1.31,8.9,70,28,110,Maize
brown,5.4,558.0,7.0,15.2,2.5,10.0,80,29,110,Maize
brown,5.3,441.0,12.0,17.0,3.3,14.0,80,29,110,Maize
brown,6.38,164.0,2.74,19.0,1.54,8.2,70,28,110,Maize
brown,5.0,210.0,3.0,17.130000000000003,1.3,19.0,80,29,110,Maize
black,6.6,249.0,7.58,15.0,0.99,8.04,70,28,110,Maize
black,4.9,209.0,2.0,11.85,1.5,15.0,80,29,110,Maize
reddish brown,7.52,230.0,12.3,13.0,1.28,6.78,70,28,110,Maize
black,6.75,172.0,16.1,17.0,2.71,8.77,70,28,110,Maize
brown,6.34,283.0,2.48,16.0,2.0,8.92,70,28,110,Maize
brown,5.3,236.0,3.0,12.6,1.6,12.0,80,29,110,Maize
brown,6.0,266.0,4.96,17.0,2.0,9.63,70,28,110,Maize
reddish brown,5.59,473.0,2.68,13.0,1.97,6.67,70,28,110,Maize
brown,6.19,167.0,1.33,13.0,1.32,6.69,70,28,110,Maize
brown,5.59,171.0,2.47,24.0,1.99,7.46,70,28,110,Maize
reddish brown,5.52,246.0,1.64,22.0,1.33,9.85,70,28,110,Maize
reddish brown,5.19,307.0,2.72,12.0,0.87,9.89,70,28,110,Maize
reddish brown,5.64,533.0,4.37,16.0,1.52,8.52,70,28,110,Maize
brown,5.0,187.0,4.0,12.8,1.5,14.0,80,29,110,Maize
brown,4.9,100.0,3.0,13.96,2.2,15.0,80,29,110,Maize
brown,6.0,806.0,6.0,23.41,4.4,14.0,80,29,110,Maize
brown,5.98,323.0,0.83,20.0,1.59,10.0,70,28,110,Maize
brown,6.22,257.0,1.03,13.0,1.21,7.97,70,28,110,Maize
brown,5.37,243.0,1.37,16.0,0.9,11.5,70,28,110,Maize
brown,5.55,222.0,0.89,12.0,1.04,10.1,70,28,110,Maize
brown,6.35,214.0,1.02,21.0,2.13,6.49,70,28,110,Maize
reddish brown,5.47,184.0,2.73,16.0,1.33,9.12,80,29,110,Maize
brown,5.3,265.0,1.92,18.0,0.76,12.2,80,29,110,Maize
reddish brown,5.39,223.0,1.37,18.0,1.37,12.3,80,29,110,Maize
brown,5.59,172.0,1.57,16.0,0.83,10.5,80,29,110,Maize
reddish brown,5.58,195.0,2.54,12.0,1.37,8.5,80,29,110,Maize
reddish brown,6.21,229.0,1.56,16.0,1.86,9.36,70,28,110,Maize
reddish brown,5.47,334.0,1.49,19.0,1.13,10.2,70,28,110,Maize
brown,5.41,186.0,1.53,14.000000000000002,1.55,20.9,60,30,120,Maize
reddish brown,6.49,601.0,2.93,26.0,2.71,7.17,70,28,110,Maize
brown,6.67,910.0,39.4,18.0,2.79,8.53,60,30,120,Maize
reddish brown,5.69,352.0,1.22,21.0,1.4,9.09,70,28,110,Maize
brown,5.08,302.0,24.2,16.0,0.87,5.69,60,30,120,Maize
reddish brown,5.3,191.0,2.09,10.0,0.91,13.0,80,29,110,Maize
reddish brown,6.24,559.0,1.64,22.0,1.59,14.6,80,29,110,Maize
reddish brown,5.39,151.0,2.82,15.0,1.16,9.92,80,29,110,Maize
brown,6.03,469.0,4.34,26.0,2.7,8.52,70,28,110,Maize
brown,6.02,272.0,8.6,17.0,0.83,8.7,70,28,110,Maize
brown,6.38,487.0,99.0,17.0,2.4,7.05,60,30,120,Maize
brown,6.49,209.0,10.0,16.0,1.42,11.9,60,30,120,Maize
brown,5.58,324.0,3.09,24.0,1.89,10.7,70,28,110,Maize
brown,5.95,280.0,1.77,21.0,2.03,9.58,70,28,110,Maize
brown,5.16,430.0,1.65,26.0,1.61,14.3,70,28,110,Maize
brown,6.33,647.0,8.5,17.0,3.55,10.9,70,28,110,Maize
reddish brown,5.1,258.0,1.62,23.0,1.88,19.1,80,29,110,Maize
reddish brown,5.64,362.0,1.57,12.0,0.92,10.1,60,30,120,Maize
brown,5.61,341.0,2.12,20.0,1.52,8.25,70,28,110,Maize
reddish brown,5.27,420.0,1.18,31.0,1.95,11.8,70,28,110,Maize
reddish brown,5.57,478.0,1.65,20.0,2.11,8.38,80,29,110,Maize
black,6.03,261.0,4.5,11.0,2.06,10.9,60,30,120,Maize
brown,6.12,423.0,3.3,17.0,2.06,10.1,60,30,120,Maize
brown,5.67,263.0,4.04,25.0,2.2,7.99,70,28,110,Maize
brown,5.63,238.0,2.95,14.000000000000002,1.73,11.3,60,30,120,Maize
brown,5.59,414.0,11.6,22.0,3.51,11.3,70,28,110,Maize
brown,6.06,283.0,7.48,13.0,1.16,9.89,60,30,120,Maize
brown,5.84,399.0,2.94,12.0,1.37,7.46,60,30,120,Maize
brown,5.49,807.0,63.1,24.0,4.03,15.2,60,30,120,Maize
brown,7.2,451.0,23.0,12.65,2.0,10.0,60,29,110,Rice
brown,8.2,574.0,12.0,6.0,1.7,8.0,60,29,110,Rice
brown,6.6,517.0,41.0,15.22,2.3,10.0,60,29,110,Rice
black,6.4,281.0,11.0,8.17,2.1,8.0,60,29,110,Rice
black,6.5,309.0,29.0,14.43,2.5,15.0,60,29,110,Rice
brown,7.4,653.0,15.0,12.81,2.3,13.0,40,30,100,Rice
brown,7.1,320.0,15.0,7.24,1.8,8.0,60,29,110,Rice
black,6.5,213.0,10.0,11.7,1.8,6.0,60,29,110,Rice
brown,6.9,172.0,7.0,10.1,1.8,8.0,40,30,100,Rice
brown,7.3,394.0,4.0,10.6,1.1,6.0,40,30,100,Rice
black,8.1,427.0,2.0,9.16,1.0,9.0,40,30,100,Rice
black,7.2,352.0,22.0,9.8,2.0,13.0,40,30,100,Rice
black,7.2,784.0,54.0,8.49,2.2,8.0,40,30,100,Rice
brown,8.1,541.0,4.0,10.14,2.8,11.0,40,30,100,Rice
brown,6.9,418.0,19.0,5.62,2.0,9.0,60,29,110,Rice
black,6.6,475.0,19.0,18.4,6.8,7.0,60,29,110,Rice
black,6.3,290.0,6.0,10.7,1.2,7.0,60,29,110,Rice
black,6.9,426.0,18.0,11.2,1.8,10.0,60,29,110,Rice
brown,6.3,207.0,18.0,8.9,7.3,6.0,40,30,100,Rice
black,6.6,192.0,2.0,12.5,1.9,5.0,40,30,100,Rice
brown,5.7,245.0,3.0,10.8,1.3,10.0,40,30,100,Rice
black,6.3,258.0,10.0,11.3,4.9,7.0,40,30,100,Rice
black,6.7,251.0,53.0,5.029999999999999,2.8,5.0,40,30,100,Rice
black,5.5,177.0,5.0,11.5,1.3,9.0,40,30,100,Rice
black,5.6,238.0,6.0,14.7,1.6,14.0,40,30,100,Rice
black,6.1,441.0,7.0,17.45,2.8,8.0,40,30,100,Rice
brown,6.8,332.0,45.0,6.68,2.0,5.0,60,29,110,Rice
brown,5.1,260.0,4.0,14.7,1.7,19.0,60,29,110,Rice
brown,5.4,371.0,3.0,12.5,1.1,12.0,60,29,110,Rice
brown,8.38,188.0,9.73,15.0,2.4,16.7,40,30,100,Rice
brown,5.2,372.0,5.0,13.3,1.3,13.0,40,30,100,Rice
brown,8.29,475.0,4.3,14.000000000000002,1.7,43.3,40,30,100,Rice
brown,5.6,732.0,11.0,16.7,2.9,11.0,60,29,110,Rice
brown,5.4,655.0,3.0,13.900000000000002,1.4,13.0,60,29,110,Rice
brown,5.2,439.0,20.0,21.3,2.8,11.0,60,29,110,Rice
black,6.5,438.0,1.0,6.6000000000000005,1.6,8.0,60,29,110,Rice
black,7.0,236.0,5.0,10.33,2.7,7.0,40,30,100,Rice
brown,7.46,274.0,1.53,13.0,2.74,46.9,40,30,100,Rice
black,7.4,223.0,7.0,6.0,1.9,5.0,40,30,100,Rice
black,6.8,173.0,12.0,16.53,2.6,5.0,40,30,100,Rice
brown,6.0,462.0,5.0,22.7,1.5,9.0,60,29,110,Rice
black,6.5,429.0,19.0,8.62,2.7,6.0,40,30,100,Rice
black,6.3,149.0,20.0,15.86,2.5,5.0,40,30,100,Rice
black,6.4,330.0,5.0,11.8,2.1,8.0,40,30,100,Rice
black,6.7,303.0,3.0,6.68,0.7,3.0,40,30,100,Rice
brown,5.0,472.0,3.0,19.6,1.4,19.0,60,29,110,Rice
brown,5.6,166.0,4.0,14.05,1.1,12.0,40,30,100,Rice
black,6.8,290.0,1.0,6.16,1.1,5.0,40,30,100,Rice
brown,8.46,118.0,1.36,13.0,0.41,23.0,40,30,100,Rice
brown,6.45,288.0,4.16,7.000000000000001,1.25,8.82,40,30,100,Rice
brown,6.69,93.0,7.99,11.0,1.51,7.06,40,30,100,Rice
black,5.3,138.0,6.0,14.71,1.9,17.0,40,30,100,Rice
black,5.0,121.0,4.0,15.12,2.5,17.0,40,30,100,Rice
black,5.9,236.0,3.0,16.49,1.3,11.0,40,30,100,Rice
black,6.6,427.0,25.0,6.48,1.2,6.0,40,30,100,Rice
black,6.0,228.0,2.0,12.7,1.2,9.0,40,30,100,Rice
black,6.6,598.0,11.0,10.8,1.5,7.0,40,30,100,Rice
black,6.6,455.0,18.0,10.45,3.2,7.0,40,30,100,Rice
brown,6.1,676.0,32.0,23.9,2.9,8.0,60,29,110,Rice
black,5.6,300.0,6.0,10.74,0.9,7.0,40,30,100,Rice
black,5.4,458.0,6.0,18.4,2.2,13.0,60,29,110,Rice
black,6.0,267.0,14.0,11.62,1.1,4.0,40,30,100,Rice
brown,5.6,345.0,2.0,16.8,1.0,13.0,60,29,110,Rice
brown,5.9,91.0,2.1,12.0,0.99,7.61,40,30,100,Rice
black,5.4,234.0,6.0,11.77,1.3,12.0,40,30,100,Rice
black,5.8,310.0,4.0,9.86,1.2,9.0,40,30,100,Rice
black,6.5,320.0,2.0,12.5,2.8,7.0,60,29,110,Rice
reddish brown,5.42,183.0,1.79,22.0,1.79,13.1,60,29,110,Rice
brown,6.7,342.0,3.0,12.2,2.7,5.0,60,29,110,Rice
black,6.0,261.0,4.0,10.23,1.0,8.0,40,30,100,Rice
brown,8.2,467.0,7.0,13.07,1.4,11.0,40,30,100,Rice
brown,5.8,268.0,9.0,10.19,1.6,6.0,40,30,100,Rice
black,6.5,377.0,8.0,10.9,1.8,6.0,40,30,100,Rice
black,6.6,218.0,3.0,10.28,1.0,6.0,40,30,100,Rice
black,6.24,191.0,10.0,12.0,1.74,12.0,60,29,110,Rice
black,5.9,365.0,2.0,18.7,1.9,9.0,60,29,110,Rice
black,6.12,338.0,23.5,9.0,3.27,13.8,40,30,100,Rice
black,5.3,149.0,3.0,25.78,1.7,18.0,40,30,100,Rice
black,5.6,271.0,5.0,11.49,1.2,10.0,40,30,100,Rice
brown,8.08,304.0,4.78,19.0,2.18,10.2,40,30,100,Rice
black,6.4,487.0,16.0,18.04,1.6,8.0,40,30,100,Rice
brown,7.2,631.0,58.0,14.3,3.6,7.0,40,30,100,Rice
black,5.9,295.0,7.0,11.43,1.1,7.0,40,30,100,Rice
brown,8.28,289.0,3.42,15.0,1.7,17.5,40,30,100,Rice
black,5.5,275.0,5.0,10.39,1.3,7.0,40,30,100,Rice
black,5.0,245.0,5.0,24.2,2.2,19.0,60,29,110,Rice
black,6.9,368.0,2.0,14.69,1.6,7.0,40,30,100,Rice
black,6.9,373.0,46.0,23.41,3.6,9.0,40,30,100,Rice
black,4.8,171.0,4.0,28.4,2.4,23.0,60,29,110,Rice
black,6.8,215.0,3.81,8.0,0.88,6.44,60,29,110,Rice
brown,6.0,456.0,14.0,18.4,2.0,7.0,40,30,100,Rice
black,6.2,336.0,4.0,10.25,0.9,6.0,40,30,100,Rice
black,5.8,298.0,3.0,22.5,1.3,13.0,40,30,100,Rice
black,5.2,152.0,2.0,13.69,1.3,17.0,40,30,100,Rice
black,6.45,275.0,7.04,11.0,1.86,8.76,40,30,100,Rice
black,5.4,146.0,4.0,24.1,1.5,15.0,40,30,100,Rice
black,7.4,278.0,2.0,10.71,2.0,5.0,40,30,100,Rice
brown,5.8,594.0,61.0,19.19,3.7,8.0,40,30,100,Rice
black,6.2,351.0,3.0,14.11,1.3,8.0,40,30,100,Rice
black,8.32,328.0,6.32,20.0,1.94,26.6,40,30,100,Rice
reddish brown,5.49,557.0,3.86,20.0,2.03,16.3,60,29,110,Rice
black,6.4,347.0,5.0,17.630000000000003,1.2,11.0,40,30,100,Rice
black,5.8,262.0,3.0,16.8,1.3,12.0,40,30,100,Rice
black,5.8,261.0,4.0,16.45,1.4,7.0,40,30,100,Rice
black,6.96,315.0,6.4,11.0,1.58,8.57,40,30,100,Rice
black,6.3,311.0,5.0,13.08,0.8,5.0,40,30,100,Rice
black,6.7,367.0,12.0,16.8,1.4,5.0,60,29,110,Rice
reddish brown,5.42,271.0,2.97,22.0,2.44,15.8,60,29,110,Rice
black,6.32,220.0,9.58,16.0,2.16,11.8,60,29,110,Rice
brown,6.08,122.0,1.09,16.0,1.39,9.16,60,29,110,Rice
black,5.8,251.0,4.0,16.55,0.8,8.0,40,30,100,Rice
black,5.5,253.0,4.0,27.22,2.2,21.0,40,30,100,Rice
brown,5.4,176.0,1.0,13.58,1.3,16.0,60,29,110,Rice
brown,6.09,653.0,14.6,16.0,2.27,12.1,60,29,110,Rice
reddish brown,5.42,681.0,4.8,23.0,1.17,18.4,60,29,110,Rice
black,5.6,249.0,2.0,16.45,1.7,17.0,60,29,110,Rice
brown,5.3,167.0,2.0,17.76,0.9,18.0,40,30,100,Rice
black,5.5,317.0,4.0,15.75,1.1,8.0,40,30,100,Rice
black,6.1,274.0,4.0,15.36,1.8,7.0,40,30,100,Rice
black,5.9,209.0,5.0,23.5,2.0,9.0,40,30,100,Rice
black,6.2,246.0,2.0,17.03,1.6,7.0,40,30,100,Rice
black,7.3,334.0,2.0,10.05,0.9,5.0,40,30,100,Rice
black,6.3,381.0,3.0,15.05,1.6,9.0,40,30,100,Rice
brown,5.7,214.0,7.87,11.0,1.5,6.59,40,30,100,Rice
black,6.74,1010.0,294.0,12.0,2.64,13.0,60,24,90,Rice
reddish brown,4.95,201.0,3.31,23.0,1.43,21.3,90,25,100,Rice
brown,8.2,386.0,4.0,14.760000000000002,1.5,18.0,60,24,90,Rice
brown,5.4,266.0,3.0,20.28,1.3,14.0,60,24,90,Rice
reddish brown,5.52,198.0,0.78,16.0,1.94,12.9,90,25,100,Rice
black,7.19,264.0,4.65,10.0,1.13,6.92,60,24,90,Rice
brown,5.6,305.0,1.0,17.04,0.7,14.0,90,25,100,Rice
black,5.8,192.0,5.0,17.51,1.0,8.0,60,24,90,Rice
brown,8.0,387.0,3.0,16.96,1.3,11.0,60,24,90,Rice
black,5.8,265.0,3.0,15.17,1.4,10.0,60,24,90,Rice
black,6.8,404.0,2.0,8.5,1.0,5.0,60,24,90,Rice
black,6.74,272.0,25.6,8.0,3.14,15.0,60,24,90,Rice
black,6.5,634.0,40.0,20.52,2.6,6.0,60,24,90,Rice
brown,6.7,263.0,1.0,12.24,1.0,5.0,60,24,90,Rice
black,5.4,266.0,4.0,16.6,1.2,8.0,60,24,90,Rice
brown,7.1,1060.0,104.0,15.56,3.4,11.0,60,24,90,Rice
black,5.6,268.0,5.0,22.42,1.5,13.0,90,25,100,Rice
black,6.5,331.0,4.0,12.56,1.4,6.0,60,24,90,Rice
reddish brown,5.32,700.0,4.04,23.0,3.26,13.0,90,25,100,Rice
reddish brown,5.8,452.0,1.1,18.0,1.35,7.34,90,25,100,Rice
brown,6.3,482.0,5.0,16.31,2.1,5.0,60,24,90,Rice
black,6.3,349.0,8.0,24.62,1.5,10.0,60,24,90,Rice
reddish brown,4.81,205.0,3.15,23.0,1.47,23.1,90,25,100,Rice
brown,6.1,304.0,15.0,45.93,4.0,8.0,60,24,90,Rice
brown,6.7,244.0,3.0,5.04,1.0,5.0,60,24,90,Rice
brown,6.8,543.0,10.0,8.4,1.6,8.0,60,24,90,Rice
black,7.9,359.0,2.0,2.4,0.7,6.0,60,24,90,Rice
reddish brown,5.02,224.0,3.02,18.0,1.78,19.7,60,24,90,Rice
black,6.2,407.0,8.0,18.67,1.4,7.0,60,24,90,Rice
black,5.6,271.0,5.0,21.2,1.4,8.0,60,24,90,Rice
black,5.38,344.0,15.5,11.0,1.64,18.3,60,24,90,Rice
reddish brown,5.21,285.0,7.97,10.0,1.02,8.22,60,24,90,Rice
brown,8.1,450.0,13.0,20.380000000000003,1.4,8.0,60,24,90,Rice
black,6.7,255.0,3.0,2.95,1.3,6.0,60,24,90,Rice
brown,5.5,359.0,4.0,18.81,2.9,11.0,60,24,90,Rice
brown,6.5,691.0,23.0,35.2,2.4,9.0,60,24,90,Rice
black,5.98,281.0,7.5,11.0,1.46,9.06,60,24,90,Rice
brown,5.56,563.0,2.52,16.0,1.15,18.1,90,25,100,Rice
brown,5.2,315.0,3.0,29.44,1.9,16.0,90,25,100,Rice
black,6.5,225.0,1.0,3.49,1.1,4.0,60,24,90,Rice
reddish brown,5.61,165.0,0.49,17.0,1.04,10.6,90,25,100,Rice
brown,5.3,196.0,3.0,17.21,1.1,19.0,90,25,100,Rice
reddish brown,5.87,216.0,1.73,19.0,2.07,8.31,90,25,100,Rice
brown,6.0,400.0,2.0,17.119999999999997,1.3,11.0,90,25,100,Rice
black,5.8,341.0,32.0,12.78,1.7,9.0,60,24,90,Rice
brown,6.5,268.0,19.0,14.2,2.7,8.0,60,24,90,Rice
reddish brown,5.16,218.0,1.34,17.0,1.8,18.7,90,25,100,Rice
brown,7.1,283.0,16.0,4.16,1.4,7.0,60,24,90,Rice
brown,6.53,281.0,4.3,14.000000000000002,1.5,9.81,60,24,90,Rice
black,6.2,407.0,128.0,12.72,3.2,7.0,60,24,90,Rice
black,5.6,320.0,6.0,12.83,1.4,6.0,60,24,90,Rice
black,5.4,201.0,3.0,20.33,1.2,12.0,60,24,90,Rice
brown,6.85,399.0,6.6,13.0,1.27,8.25,60,24,90,Rice
black,5.8,240.0,2.0,18.89,1.3,9.0,60,24,90,Rice
black,5.3,227.0,4.0,18.37,1.0,13.0,60,24,90,Rice
black,5.3,345.0,4.0,17.82,1.8,11.0,60,24,90,Rice
brown,5.7,188.0,3.0,18.52,1.2,10.0,60,24,90,Rice
black,7.0,886.0,142.0,14.099999999999998,4.8,12.0,60,24,90,Rice
black,6.5,404.0,30.0,18.360000000000003,2.1,8.0,60,24,90,Rice
black,5.2,151.0,3.0,29.56,1.5,16.0,90,25,100,Rice
black,7.71,248.0,11.5,12.0,1.12,12.4,60,24,90,Rice
brown,5.4,188.0,5.0,13.37,1.3,17.0,60,24,90,Rice
brown,5.19,231.0,1.2,20.0,1.24,16.1,90,25,100,Rice
black,6.5,246.0,48.0,9.82,1.9,6.0,60,24,90,Rice
reddish brown,5.39,246.0,3.19,23.0,1.58,13.8,90,25,100,Rice
brown,7.0,394.0,63.0,10.28,2.2,6.0,60,24,90,Rice
black,6.6,933.0,82.0,7.42,2.2,7.0,60,24,90,Rice
brown,4.8,144.0,2.0,20.39,1.3,20.0,60,24,90,Rice
reddish brown,5.08,567.0,2.01,23.0,1.74,17.4,90,25,100,Rice
black,5.7,149.0,4.0,19.08,1.0,8.0,60,24,90,Rice
brown,6.7,391.0,45.0,12.1,1.5,6.0,60,24,90,Rice
brown,6.6,450.0,68.0,20.8,1.7,4.0,60,24,90,Rice
brown,5.22,607.0,1.85,18.0,2.04,14.3,60,24,90,Rice
black,5.8,352.0,30.0,13.78,1.8,5.0,60,24,90,Rice
black,5.7,221.0,10.0,19.05,1.4,9.0,60,24,90,Rice
reddish brown,5.1,359.0,1.93,16.0,1.19,18.4,60,24,90,Rice
brown,5.0,285.0,2.0,25.8,1.9,10.0,60,24,90,Rice
black,5.67,323.0,4.23,10.0,1.18,10.2,60,24,90,Rice
brown,6.05,121.0,17.5,31.0226981,0.7,9.7,90,25,100,Rice
brown,5.7,355.0,4.0,15.47,1.8,12.0,60,24,90,Rice
black,6.9,435.0,16.0,14.24,1.6,7.0,60,24,90,Rice
black,6.9,569.0,95.0,14.62,2.4,8.0,60,24,90,Rice
black,5.6,292.0,4.0,16.689999999999998,1.5,13.0,60,24,90,Rice
reddish brown,5.11,421.0,3.0,24.0,1.49,15.6,90,25,100,Rice
brown,5.5,237.0,3.0,18.55,1.3,8.0,60,24,90,Rice
black,7.1,417.0,6.0,3.45,1.0,4.0,60,24,90,Rice
black,7.2,570.0,116.0,16.76,2.2,8.0,60,24,90,Rice
brown,5.04,572.0,2.82,19.0,2.03,19.1,90,25,100,Rice
black,6.22,244.0,1.95,14.000000000000002,1.1,6.75,90,25,100,Rice
black,6.04,113.0,5.28,12.0,4.43,8.74,90,25,100,Rice
black,6.5,380.0,33.0,11.84,1.6,5.0,60,24,90,Rice
reddish brown,4.59,278.0,2.1,21.0,0.93,32.1,90,25,100,Rice
black,7.89,959.0,176.0,20.0,3.08,19.5,60,24,90,Rice
black,7.77,511.0,23.2,17.0,1.77,10.2,60,24,90,Rice
black,6.13,344.0,6.3,13.0,0.89,10.0,60,24,90,Rice
black,6.5,468.0,35.0,21.25,2.0,6.0,60,24,90,Rice
black,6.7,641.0,36.0,16.39,9.1,12.0,60,24,90,Rice
black,5.3,316.0,12.0,18.75,1.6,23.0,60,24,90,Rice
black,6.2,333.0,2.0,11.69,1.0,5.0,60,24,90,Rice
black,5.2,171.0,2.0,20.89,1.3,10.0,90,25,100,Rice
brown,6.0,734.0,174.0,18.56,4.4,9.0,60,24,90,Rice
brown,5.66,267.0,10.9,15.0,1.6,12.8,90,25,100,Rice
black,5.76,389.0,10.5,9.0,1.05,15.4,60,24,90,Rice
brown,5.49,432.0,1.67,20.0,1.43,12.4,90,25,100,Rice
brown,4.7,141.0,3.0,27.78,2.4,17.0,90,25,100,Rice
black,6.06,433.0,5.54,14.000000000000002,1.69,9.23,60,24,90,Rice
reddish brown,4.92,278.0,1.12,22.0,1.26,24.4,90,25,100,Rice
brown,5.44,350.0,1.03,23.0,1.36,10.3,90,25,100,Rice
reddish brown,5.2,199.0,1.43,17.0,0.93,20.5,60,24,90,Rice
black,6.5,267.0,3.0,12.44,1.1,9.0,60,24,90,Rice
black,8.0,401.0,7.0,2.96,1.2,4.0,60,24,90,Rice
black,5.2,236.0,4.0,31.36,1.9,14.0,60,24,90,Rice
brown,5.3,205.0,2.0,16.439999999999998,0.9,17.0,60,24,90,Rice
brown,5.4,238.0,3.0,18.360000000000003,1.6,12.0,60,24,90,Rice
black,6.96,414.0,5.37,15.0,1.37,9.53,60,24,90,Rice
black,8.27,325.0,1.94,15.0,1.12,7.97,60,24,90,Rice
black,7.22,384.0,5.32,16.0,0.88,7.69,60,24,90,Rice
brown,6.3,288.0,2.0,19.65,0.8,14.0,60,24,90,Rice
reddish brown,5.11,202.0,2.52,13.0,0.91,14.0,90,25,100,Rice
brown,5.77,192.0,1.13,16.0,1.48,8.62,90,25,100,Rice
reddish brown,5.34,173.0,1.97,14.000000000000002,0.59,13.1,90,25,100,Rice
black,5.9,322.0,6.0,18.41,1.5,9.0,60,24,90,Rice
reddish brown,5.43,243.0,2.33,24.0,1.03,14.1,90,25,100,Rice
brown,5.7,110.0,1.0,17.69,1.2,9.0,90,25,100,Rice
black,6.13,347.0,6.67,9.0,1.37,7.69,60,24,90,Rice
black,5.8,385.0,3.0,22.09,1.5,12.0,60,24,90,Rice
reddish brown,5.33,211.0,1.2,19.0,0.44,23.1,90,25,100,Rice
brown,6.0,486.0,102.0,19.05,2.9,8.0,60,24,90,Rice
reddish brown,4.89,189.0,2.41,22.0,1.6,18.1,90,25,100,Rice
brown,4.81,178.0,4.36,19.0,1.48,20.6,90,25,100,Rice
black,6.5,381.0,11.0,18.46,1.1,9.0,60,24,90,Rice
black,7.0,354.0,14.0,12.08,1.7,7.0,60,24,90,Rice
black,6.2,405.0,15.0,18.21,1.9,10.0,60,24,90,Rice
black,7.5,514.0,18.0,8.74,1.7,11.0,60,24,90,Rice
black,6.96,414.0,12.8,14.000000000000002,1.43,15.5,60,24,90,Rice
black,6.4,416.0,5.0,16.18,1.0,9.0,60,24,90,Rice
brown,6.9,214.0,31.3,6.0,1.35,7.12,90,25,100,Rice
black,6.5,267.0,2.0,16.31,1.4,8.0,60,24,90,Rice
black,7.12,538.0,43.2,15.0,2.64,8.74,60,24,90,Rice
black,6.53,380.0,15.9,8.0,1.69,12.6,60,24,90,Rice
brown,6.6,1163.0,145.0,22.15,4.9,13.0,60,24,90,Rice
brown,6.62,84.0,8.3,7.000000000000001,1.48,8.84,90,25,100,Rice
brown,5.0,249.0,3.39,21.0,1.82,21.8,90,25,100,Rice
black,7.1,470.0,21.0,10.27,1.4,8.0,60,24,90,Rice
black,6.5,343.0,20.0,7.290000000000001,1.7,10.0,60,24,90,Rice
black,6.8,475.0,35.0,8.62,1.8,8.0,60,24,90,Rice
brown,6.84,63.0,7.79,4.0,1.03,9.84,90,25,100,Rice
black,7.77,271.0,1.71,14.000000000000002,1.5,11.5,60,24,90,Rice
black,6.91,637.0,87.5,16.0,2.37,11.5,60,24,90,Rice
black,4.9,194.0,2.0,14.32,0.9,21.0,60,24,90,Rice
black,5.6,294.0,2.0,10.92,1.3,9.0,60,24,90,Rice
brown,6.5,385.0,4.0,8.64,2.0,12.0,90,25,100,Rice
black,6.9,402.0,18.0,8.12,1.4,5.0,60,24,90,Rice
brown,6.8,664.0,4.0,15.57,2.5,11.0,60,24,90,Rice
black,6.3,604.0,43.0,14.18,2.5,5.0,60,24,90,Rice
brown,6.9,540.0,6.0,10.16,1.8,7.0,60,24,90,Rice
brown,6.5,575.0,116.0,12.4,1.7,6.0,60,24,90,Rice
reddish brown,5.25,212.0,1.1,15.0,0.81,15.5,90,25,100,Rice
black,5.0,320.0,3.0,15.11,1.3,15.0,60,24,90,Rice
brown,6.55,156.0,1.7,16.4138625,1.0,0.05,90,25,100,Rice
black,7.3,320.0,4.0,4.32,1.3,5.0,60,24,90,Rice
brown,6.7,820.0,108.0,16.82,3.0,7.0,60,24,90,Rice
black,7.9,321.0,3.0,4.4,1.5,9.0,60,24,90,Rice
black,5.8,295.0,9.0,17.47,1.6,8.0,60,24,90,Rice
brown,6.1,603.0,75.0,21.18,3.2,9.0,60,24,90,Rice
black,7.9,1215.0,141.0,11.44,4.0,9.0,60,24,90,Rice
black,5.9,335.0,12.0,15.13,1.9,6.0,60,24,90,Rice
brown,5.4,111.0,1.0,16.470000000000002,2.0,13.0,90,25,100,Rice
brown,6.38,49.0,7.0,35.1756181,0.9,4.8,100,28,120,Rice
black,6.0,324.0,3.0,13.13,0.8,6.0,60,24,90,Rice
reddish brown,4.67,237.0,0.96,19.0,1.56,13.9,90,25,100,Rice
brown,7.6,447.0,7.0,6.140000000000001,1.5,6.0,90,25,100,Rice
black,6.2,365.0,3.0,11.18,0.8,6.0,60,24,90,Rice
brown,5.7,336.0,6.0,16.73,1.5,11.0,60,24,90,Rice
black,7.1,458.0,2.0,10.6,0.7,6.0,60,24,90,Rice
brown,5.4,261.0,28.0,25.14,3.7,15.0,60,24,90,Rice
black,7.0,349.0,64.0,6.15,2.2,6.0,90,25,100,Rice
black,5.9,404.0,2.0,11.12,0.9,11.0,60,24,90,Rice
black,5.55,183.0,2.3,7.2293046,0.9,0.05,100,28,120,Rice
reddish brown,5.05,347.0,1.39,19.0,1.32,15.1,90,25,100,Rice
brown,5.0,303.0,3.0,22.87,1.5,19.0,60,24,90,Rice
black,6.46,375.0,9.6,12.0,0.84,10.9,60,24,90,Rice
brown,6.35,264.0,20.1,5.0,1.41,12.3,100,28,120,Rice
black,7.6,427.0,2.0,9.6,1.2,9.0,60,24,90,Rice
black,6.57,515.0,14.3,12.0,1.72,43.8,60,24,90,Rice
black,7.8,427.0,4.0,5.38,1.0,8.0,60,24,90,Rice
black,7.6,416.0,2.0,4.06,1.1,7.0,60,24,90,Rice
black,6.9,726.0,138.0,15.22,2.8,7.0,60,24,90,Rice
black,7.83,328.0,5.24,12.0,1.71,9.77,90,25,100,Rice
brown,5.6,147.0,0.5,8.870000000000001,0.8,16.0,90,25,100,Rice
reddish brown,6.91,298.0,3.55,14.000000000000002,1.42,6.92,90,25,100,Rice
black,5.8,222.0,3.0,18.18,1.7,8.0,60,24,90,Rice
black,5.47,400.0,11.3,18.0,2.2,14.8,60,24,90,Rice
black,6.56,394.0,38.7,10.0,1.49,9.16,60,24,90,Rice
black,5.7,239.0,1.0,16.38,1.5,6.0,90,25,100,Rice
black,5.8,474.0,2.0,27.8033635,1.3,9.0,100,28,120,Rice
black,6.96,189.0,1.14,14.000000000000002,1.44,7.55,60,24,90,Rice
black,5.3,284.0,4.0,19.08,1.3,13.0,60,24,90,Rice
black,8.0,458.0,4.0,4.34,1.0,6.0,90,25,100,Rice
black,5.3,361.0,4.0,19.03,1.6,12.0,60,24,90,Rice
black,7.5,414.0,4.95,11.0,1.19,7.15,60,24,90,Rice
brown,7.0,292.0,3.0,11.03,1.2,5.0,60,24,90,Rice
black,7.0,468.0,10.0,11.77,1.1,8.0,60,24,90,Rice
black,7.53,418.0,7.86,12.0,1.28,8.64,60,24,90,Rice
brown,6.2,158.0,10.0,9.81,1.3,5.0,60,24,90,Rice
black,7.41,415.0,7.75,13.0,0.94,7.82,60,24,90,Rice
brown,5.3,425.0,1.0,11.91,0.7,20.0,90,25,100,Rice
brown,7.35,262.0,1.04,12.0,0.84,6.72,60,24,90,Rice
black,8.0,469.0,2.0,4.46,0.9,5.0,60,24,90,Rice
brown,5.7,216.0,1.0,16.38,1.1,16.0,90,25,100,Rice
brown,7.0,330.0,4.0,6.76,0.8,6.0,60,24,90,Rice
brown,5.72,279.78,3.35,16.39,1.11,15.19,90,25,100,Rice
brown,5.67,222.03,3.9,17.0,1.87,18.28,90,25,100,Rice
black,6.3,404.0,3.0,13.19,0.9,8.0,60,24,90,Rice
brown,6.0,447.0,4.0,18.73,1.7,9.0,60,24,90,Rice
black,6.3,394.0,5.0,11.13,1.3,8.0,60,24,90,Rice
brown,7.3,376.0,11.0,11.21,1.2,8.0,60,24,90,Rice
black,8.2,445.0,3.0,4.01,1.0,6.0,60,24,90,Rice
black,6.7,466.0,31.0,12.15,1.2,9.0,60,24,90,Rice
black,6.3,179.0,1.0,8.559999999999999,1.1,6.0,60,24,90,Rice
brown,7.2,764.0,125.0,20.95,2.5,8.0,60,24,90,Rice
black,6.3,403.0,3.0,12.56,1.6,9.0,90,25,100,Rice
brown,7.06,217.0,1.15,10.0,1.63,7.76,60,24,90,Rice
black,7.1,403.0,5.0,6.04,1.3,5.0,60,24,90,Rice
black,8.0,339.0,7.0,10.28,0.8,7.0,60,24,90,Rice
black,8.11,389.0,7.29,15.0,1.1,7.88,60,24,90,Rice
brown,6.62,301.0,7.5,16.0,1.63,7.31,60,24,90,Rice
black,6.26,492.0,24.1,16.0,1.64,12.1,60,24,90,Rice
brown,6.6,443.0,5.31,12.0,0.95,8.06,60,24,90,Rice
brown,7.47,257.0,0.73,10.0,0.8,7.23,60,24,90,Rice
reddish brown,7.37,239.0,24.8,16.0,1.57,8.33,60,24,90,Rice
brown,7.0,604.0,4.0,25.2362008,2.2,12.0,90,25,100,Rice
black,6.1,412.0,10.0,22.6,1.4,10.0,60,24,90,Rice
black,6.8,307.0,1.0,4.97,0.9,4.0,60,24,90,Rice
black,7.1,478.0,26.0,12.21,1.8,10.0,60,24,90,Rice
black,7.2,356.0,3.0,12.47,1.2,8.0,60,24,90,Rice
black,7.68,426.0,10.3,13.0,1.19,7.75,60,24,90,Rice
black,7.4,406.0,3.0,8.73,0.9,7.0,60,24,90,Rice
brown,6.2,274.0,1.0,12.49,0.9,5.0,60,24,90,Rice
brown,6.4,193.0,6.1,20.6425793,1.4,0.05,100,28,120,Rice
black,7.6,471.0,11.0,18.43,1.8,9.0,60,24,90,Rice
black,6.8,429.0,4.0,5.87,1.1,8.0,60,24,90,Rice
brown,5.5,264.0,1.0,18.13,1.1,9.0,90,25,100,Rice
black,7.4,395.0,11.0,12.36,1.2,3.0,60,24,90,Rice
brown,5.67,266.0,3.09,17.0,1.52,9.68,90,25,100,Rice
brown,5.4,502.0,2.0,21.7,1.7,11.0,100,28,120,Rice
black,7.9,484.0,29.0,22.05,1.9,9.0,60,24,90,Rice
black,7.2,413.0,3.0,10.0,1.0,4.0,60,24,90,Rice
black,8.31,369.0,8.05,12.0,0.99,6.95,60,24,90,Rice
brown,5.7,406.0,1.0,14.09,1.1,15.0,90,25,100,Rice
brown,7.3,918.0,79.0,13.44,2.1,7.0,60,24,90,Rice
black,6.4,341.0,1.0,10.35,1.8,7.0,90,25,100,Rice
black,6.3,319.0,2.0,11.83,1.5,8.0,90,25,100,Rice
brown,5.4,245.0,1.0,17.54,1.0,11.0,90,25,100,Rice
black,7.9,418.0,2.0,9.85,0.7,3.0,60,24,90,Rice
black,8.0,416.0,2.0,8.93,0.7,3.0,60,24,90,Rice
brown,7.3,335.0,7.0,10.42,1.8,8.0,60,24,90,Rice
black,6.6,171.0,7.0,10.58,1.1,4.0,60,24,90,Rice
black,7.3,610.0,33.0,17.05,2.5,8.0,60,24,90,Rice
black,6.53,273.0,3.22,13.0,1.43,7.49,60,24,90,Rice
black,7.6,389.0,4.0,13.239999999999998,0.9,4.0,60,24,90,Rice
brown,5.0,754.0,7.0,25.4730978,3.6,15.0,90,25,100,Rice
brown,5.2,311.0,2.0,0.0261710999999999,1.5,13.0,90,25,100,Rice
black,8.1,396.0,2.0,8.559999999999999,0.8,5.0,60,24,90,Rice
black,6.51,692.0,417.0,23.0,4.94,15.5,60,24,90,Rice
brown,7.4,280.0,5.0,12.32,1.5,6.0,60,24,90,Rice
brown,5.3,233.0,2.0,20.7024612,1.0,12.0,90,25,100,Rice
brown,5.2,234.0,2.0,0.0261710999999999,1.0,21.0,90,25,100,Rice
brown,5.5,233.0,0.5,7.9,1.1,10.0,90,25,100,Rice
brown,6.7,352.0,2.0,18.01,2.1,5.0,90,25,100,Rice
black,7.11,440.0,75.5,16.0,1.99,7.33,60,24,90,Rice
brown,7.3,371.0,3.0,7.27,1.0,3.0,60,24,90,Rice
brown,6.9,708.0,5.0,24.9,1.9,8.0,90,25,100,Rice
black,7.0,269.0,7.0,25.2362008,2.4,7.0,90,25,100,Rice
black,6.3,369.0,2.0,12.659999999999998,1.2,8.0,90,25,100,Rice
black,6.7,285.0,3.0,13.37,1.3,4.0,60,24,90,Rice
reddish brown,5.8,251.0,2.14,28.000000000000004,1.44,14.6,100,28,120,Rice
black,6.71,590.0,21.8,17.0,2.64,21.8,60,24,90,Rice
black,7.86,346.0,2.73,11.0,1.0,8.58,60,24,90,Rice
black,7.13,319.0,5.2,11.0,1.07,6.5,60,24,90,Rice
black,5.45,214.0,3.8,9.8365495,0.9,8.2,100,28,120,Rice
brown,5.6,475.0,1.0,25.0347819,1.3,15.0,90,25,100,Rice
black,5.17,205.0,3.4,9.865114,1.2,12.6,100,28,120,Rice
reddish brown,8.04,315.0,14.4,9.0,0.78,10.5,60,24,90,Rice
black,6.84,223.0,0.1,9.0,0.21,0.25,60,24,90,Rice
brown,6.1,564.0,2.0,7.199999999999999,1.8,6.0,90,25,100,Rice
black,6.2,313.0,5.0,9.75,2.0,5.0,90,25,100,Rice
black,5.9,390.0,2.0,12.37,1.2,9.0,90,25,100,Rice
black,5.8,486.0,2.0,11.28,1.3,9.0,90,25,100,Rice
brown,5.6,179.81,2.69,25.0347819,2.15,10.02,90,25,100,Rice
brown,5.3,414.0,3.0,21.4370848,2.2,8.0,90,25,100,Rice
brown,5.2,334.0,2.0,0.0261710999999999,1.8,9.0,90,25,100,Rice
black,7.87,470.0,3.0,9.0,1.8,14.0,60,24,90,Rice
black,7.87,547.0,4.0,9.0,1.2,7.0,60,24,90,Rice
black,7.87,561.0,3.0,11.0,1.1,7.0,60,24,90,Rice
black,5.9,385.0,3.0,10.8,1.2,9.0,100,28,120,Rice
black,6.2,383.0,3.0,13.320000000000002,1.7,9.0,90,25,100,Rice
black,6.0,442.0,4.0,11.86,1.1,8.0,90,25,100,Rice
black,5.8,438.0,3.0,11.48,1.5,8.0,90,25,100,Rice
black,6.5,442.0,7.0,17.43,1.8,8.0,90,25,100,Rice
black,5.9,516.0,2.0,16.86,1.2,10.0,100,28,120,Rice
brown,7.0,129.0,5.0,10.75,1.1,5.0,90,25,100,Rice
black,5.95,175.0,1.1,14.2993505,2.2,11.1,100,28,120,Rice
brown,5.6,246.0,2.0,25.0347819,1.7,11.0,90,25,100,Rice
black,6.1,345.0,2.0,16.703758899999997,1.2,22.0,90,25,100,Rice
brown,6.1,245.0,3.0,16.703758899999997,1.7,8.0,90,25,100,Rice
brown,5.2,938.0,27.0,0.0261710999999999,4.6,7.0,90,25,100,Rice
black,6.4,368.0,1.0,11.88,1.5,8.0,90,25,100,Rice
black,7.87,386.0,6.0,11.0,1.6,7.0,60,24,90,Rice
black,5.9,375.0,1.0,14.84,1.4,8.0,90,25,100,Rice
brown,5.5,155.0,3.0,24.43,1.0,8.0,60,24,90,Rice
black,6.3,388.0,1.0,11.45,1.5,8.0,90,25,100,Rice
black,6.1,269.0,1.0,11.96,1.0,8.0,90,25,100,Rice
brown,5.2,235.0,1.0,0.0261710999999999,1.5,9.0,90,25,100,Rice
black,6.6,480.0,2.0,10.08,2.3,7.0,90,25,100,Rice
black,7.0,526.0,2.0,10.75,1.5,8.0,90,25,100,Rice
reddish brown,6.36,208.0,5.04,16.0,2.11,7.78,100,28,120,Rice
black,5.9,378.0,2.0,12.78,1.4,8.0,90,25,100,Rice
black,5.55,147.0,1.5,24.2766807,1.5,18.8,100,28,120,Rice
black,6.4,336.0,3.0,10.51,1.2,6.0,90,25,100,Rice
black,6.1,183.0,2.0,13.144388200000002,1.0,10.8,60,24,90,Rice
reddish brown,6.12,493.0,1.45,30.0,3.08,11.7,60,24,90,Rice
black,6.0,398.0,2.0,11.39,1.2,9.0,90,25,100,Rice
reddish brown,7.03,463.0,87.4,14.000000000000002,1.52,10.4,60,24,90,Rice
black,6.3,358.0,1.0,9.71,1.3,10.0,100,28,120,Rice
black,5.8,374.0,2.0,11.36,1.1,11.0,90,25,100,Rice
black,5.6,191.0,1.0,37.2455231,1.5,6.0,90,25,100,Rice
brown,6.2,489.0,3.0,18.08,1.7,8.0,90,25,100,Rice
brown,6.1,499.0,2.0,16.703758899999997,1.8,11.0,90,25,100,Rice
black,5.81,154.0,1.7,14.173170700000002,1.0,10.9,100,28,120,Rice
black,6.0,293.0,2.0,11.09,1.4,8.0,90,25,100,Rice
brown,5.9,407.0,4.0,16.33,1.3,11.0,100,28,120,Rice
black,6.4,489.0,3.0,12.07,2.0,19.0,90,25,100,Rice
black,5.95,138.0,1.7,13.6468257,0.7,6.8,100,28,120,Rice
brown,5.9,452.0,3.0,9.79,1.3,8.0,90,25,100,Rice
brown,5.6,234.0,4.0,19.1,1.4,14.0,90,25,100,Rice
brown,5.51,190.0,2.68,16.0,1.94,13.0,60,24,90,Rice
brown,5.65,179.0,1.87,18.0,1.72,10.9,60,24,90,Rice
brown,6.95,468.0,5.0,16.0,1.3,6.0,60,24,90,Rice
brown,5.7,222.0,2.0,16.96,1.5,16.0,100,28,120,Rice
black,5.95,273.0,3.5,18.7759192,1.3,9.2,100,28,120,Rice
brown,5.4,169.0,2.0,17.87,1.3,18.0,100,28,120,Rice
reddish brown,5.66,342.0,1.25,24.0,1.77,14.7,100,28,120,Rice
black,7.53,431.0,1.0,9.0,1.0,6.0,60,24,90,Rice
brown,7.53,369.0,3.0,9.0,1.0,5.0,60,24,90,Rice
black,7.1,529.0,11.0,9.0,1.3,6.0,60,24,90,Rice
brown,5.88,244.0,7.0,12.0,1.7,5.0,60,24,90,Rice
brown,6.2,451.0,5.0,26.0151402,2.4,12.0,90,25,100,Rice
brown,5.8,252.0,8.0,25.0293402,0.9,11.0,90,25,100,Rice
black,7.7,311.0,19.0,16.0,1.8,7.0,60,24,90,Rice
black,7.4,298.0,7.0,4.3662318,1.1,6.0,60,24,90,Rice
black,8.03,764.0,8.0,4.3662318,1.1,9.0,60,24,90,Rice
brown,7.1,234.0,3.0,6.9481704,1.0,8.0,60,24,90,Rice
black,6.1,244.0,3.0,11.77,1.7,7.0,90,25,100,Rice
black,7.1,184.51,10.24,6.9481704,1.5,6.12,90,25,100,Rice
black,7.2,659.0,4.0,11.0631325,1.1,22.0,90,25,100,Rice
black,5.7,389.0,2.0,16.29,2.1,9.0,100,28,120,Rice
black,6.0,196.0,3.0,13.39,2.6,11.0,90,25,100,Rice
brown,7.4,371.61,14.3,4.3662318,1.4,5.65,50,26,90,Rice
brown,7.3,784.0,51.0,4.1178608,1.7,9.0,50,26,90,Rice
brown,5.8,350.0,3.0,25.0293402,1.4,10.0,90,25,100,Rice
black,6.9,456.0,4.0,3.7955812,1.0,8.0,50,26,90,Rice
black,6.1,248.0,6.0,11.77,2.4,6.0,90,25,100,Rice
black,7.1,349.0,21.0,6.9481704,1.2,8.0,50,26,90,Rice
brown,5.8,310.0,5.0,13.4,1.7,7.0,50,26,90,Rice
black,6.1,259.0,1.0,11.77,1.4,7.0,90,25,100,Rice
brown,5.65,113.0,2.9,32.1097379,1.2,12.8,110,25,110,Rice
brown,6.0,245.04,6.56,16.0,1.84,4.47,50,26,90,Rice
black,6.77,744.0,4.0,16.0,1.5,8.0,50,26,90,Rice
black,6.8,518.0,12.0,2.4284862,1.1,5.0,50,26,90,Rice
brown,5.7,156.0,4.0,31.6,3.2,10.0,90,25,100,Rice
black,6.1,225.54,2.84,11.77,1.55,8.76,90,25,100,Rice
brown,5.4,147.0,1.0,11.44,1.0,10.0,50,26,90,Rice
brown,5.47,266.0,7.0,16.0,3.5,14.0,50,26,90,Rice
black,7.4,522.0,3.0,4.3662318,1.0,5.0,50,26,90,Rice
black,6.1,189.51,2.2,11.77,2.21,7.61,90,25,100,Rice
brown,7.7,330.0,2.0,5.62,1.1,4.0,50,26,90,Rice
brown,5.7,283.0,6.0,11.65,1.3,7.0,50,26,90,Rice
brown,5.1,156.0,1.0,15.77,1.1,10.0,50,26,90,Rice
brown,6.61,115.55,6.61,16.0,1.91,4.77,50,26,90,Rice
brown,7.02,204.41,2.06,13.4622792,1.22,5.18,50,26,90,Rice
black,6.8,1393.0,204.0,2.4284862,5.9,14.0,50,26,90,Rice
black,7.4,507.0,1.0,4.3662318,1.2,7.0,50,26,90,Rice
black,7.3,291.04,2.87,2.4873044,1.17,4.64,50,26,90,Rice
brown,5.3,273.0,4.0,11.07,1.0,11.0,50,26,90,Rice
black,6.1,196.47,2.38,11.77,1.7,3.71,90,25,100,Rice
brown,5.8,465.0,6.0,25.0293402,2.5,8.0,90,25,100,Rice
brown,7.4,307.0,6.0,4.3662318,1.4,9.0,50,26,90,Rice
black,7.1,480.0,8.0,0.0261710999999999,1.3,7.0,50,26,90,Rice
brown,5.5,232.0,8.0,21.38,1.7,6.0,50,26,90,Rice
brown,5.52,154.0,3.0,22.89,0.6,10.0,110,25,110,Rice
black,5.8,304.0,1.0,25.0293402,1.1,8.0,90,25,100,Rice
brown,6.1,337.0,2.0,11.77,1.2,9.0,90,25,100,Rice
black,6.9,425.0,4.0,13.4622792,1.6,9.0,50,26,90,Rice
brown,7.6,185.26,2.85,2.5718072000000003,1.52,4.09,50,26,90,Rice
brown,7.1,690.0,63.0,0.0261710999999999,2.7,8.0,50,26,90,Rice
brown,6.4,272.0,2.0,18.69,2.4,8.0,50,26,90,Rice
black,5.8,220.0,3.0,25.0293402,1.1,5.0,90,25,100,Rice
brown,5.8,326.0,3.0,13.4622792,1.8,12.0,50,26,90,Rice
brown,6.9,160.0,3.0,13.4622792,1.4,6.0,50,26,90,Rice
brown,6.9,395.0,10.0,13.4622792,2.0,12.0,50,26,90,Rice
brown,5.8,357.08,5.04,25.0293402,2.07,9.13,90,25,100,Rice
brown,5.49,305.0,4.0,14.94,2.5,14.0,50,26,90,Rice
brown,5.52,392.0,7.0,16.0,4.0,15.0,50,26,90,Rice
brown,5.48,274.0,5.0,16.0,1.7,18.0,50,26,90,Rice
brown,6.15,683.5,20.81,13.4622792,1.86,11.28,50,26,90,Rice
black,6.9,268.0,3.0,13.4622792,1.9,8.0,50,26,90,Rice
brown,5.3,307.0,5.0,14.39,1.1,13.0,50,26,90,Rice
black,5.8,186.0,3.0,25.0293402,1.2,6.0,90,25,100,Rice
black,5.3,100.0,3.0,30.070000000000004,2.9,10.0,50,26,90,Rice
brown,5.8,179.0,5.0,25.0293402,1.3,9.0,90,25,100,Rice
brown,6.0,271.0,19.0,9.69,0.6,7.0,90,25,100,Rice
brown,5.37,266.0,4.0,16.0,1.8,17.0,50,26,90,Rice
brown,5.95,239.0,10.0,13.4622792,1.5,9.0,50,26,90,Rice
brown,5.8,259.0,2.0,19.5910715,2.8,9.0,50,26,90,Rice
brown,5.0,396.0,3.0,22.62,1.8,14.0,50,26,90,Rice
brown,5.8,251.0,1.0,25.0293402,1.4,7.0,90,25,100,Rice
black,5.8,205.0,5.0,25.0293402,2.2,12.0,90,25,100,Rice
brown,5.4,178.0,2.0,13.33,1.3,7.0,90,25,100,Rice
brown,5.1,214.0,4.0,14.26,1.0,17.0,50,26,90,Rice
brown,5.4,220.0,3.0,16.0,2.2,17.0,50,26,90,Rice
brown,6.26,351.0,5.0,0.0261710999999999,1.9,7.0,50,26,90,Rice
brown,5.1,247.0,4.0,11.92,2.1,13.0,50,26,90,Rice
brown,5.1,306.0,3.0,14.44,1.3,15.0,50,26,90,Rice
brown,5.8,165.0,3.0,25.0293402,1.1,7.0,90,25,100,Rice
black,5.8,215.0,1.0,25.0293402,1.7,5.0,90,25,100,Rice
brown,5.9,262.0,3.0,11.84,1.3,8.0,90,25,100,Rice
brown,5.1,260.0,3.0,12.67,1.3,13.0,110,25,110,Rice
brown,6.0,170.0,2.0,9.69,1.6,4.0,90,25,100,Rice
black,5.9,310.0,3.0,16.009999999999998,1.6,9.0,110,25,110,Rice
brown,5.3,443.0,6.0,22.5,1.9,13.0,110,25,110,Rice
black,5.85,343.0,6.0,22.89,1.8,7.0,90,25,100,Rice
black,5.8,284.0,5.0,25.0293402,1.7,5.0,90,25,100,Rice
brown,5.6,286.0,2.0,10.55,1.0,8.0,50,26,90,Rice
brown,4.7,175.0,4.0,17.48,1.2,15.0,50,26,90,Rice
brown,5.07,274.0,7.0,8.08,1.8,20.0,50,26,90,Rice
brown,5.81,154.42,17.17,16.0,1.47,7.96,50,26,90,Rice
brown,5.5,512.0,5.0,16.14,1.5,10.0,50,26,90,Rice
brown,5.0,304.0,7.0,15.010000000000002,1.2,12.0,50,26,90,Rice
black,5.1,238.0,8.0,19.71,2.7,13.0,50,26,90,Rice
black,5.2,251.0,2.0,15.4,1.2,8.0,50,26,90,Rice
black,5.85,278.0,1.0,22.89,1.1,4.0,90,25,100,Rice
black,5.85,285.0,2.0,22.89,1.2,7.0,90,25,100,Rice
black,6.0,102.0,4.0,9.69,1.3,9.0,90,25,100,Rice
black,6.0,164.0,3.0,9.69,2.1,8.0,90,25,100,Rice
brown,6.4,581.0,68.0,12.09,3.4,8.0,50,26,90,Rice
brown,4.9,293.0,7.0,19.34,2.2,17.0,50,26,90,Rice
brown,6.55,469.0,3.0,16.0,2.1,9.0,50,26,90,Rice
brown,5.3,291.0,3.0,14.62,1.2,10.0,50,26,90,Rice
brown,5.2,236.0,4.0,14.36,1.3,14.0,50,26,90,Rice
black,5.3,281.0,5.0,12.83,1.1,8.0,50,26,90,Rice
brown,5.1,425.0,4.0,16.5,1.2,14.0,90,25,100,Rice
black,6.74,548.0,7.0,22.89,1.6,8.0,90,25,100,Rice
black,6.0,192.0,2.0,9.69,1.0,7.0,90,25,100,Rice
brown,5.4,315.0,4.0,14.13,1.2,9.0,50,26,90,Rice
brown,5.7,388.0,1.0,11.87,0.8,6.0,50,26,90,Rice
brown,5.8,659.0,12.0,17.849999999999998,2.3,8.0,50,26,90,Rice
brown,5.9,289.0,6.0,22.89,2.9,9.0,90,25,100,Rice
brown,6.0,319.74,2.82,9.69,2.8,7.78,90,25,100,Rice
brown,6.4,366.0,2.0,12.09,1.7,8.0,90,25,100,Rice
brown,5.87,182.23,3.43,8.08,0.96,6.13,90,25,100,Rice
brown,5.3,278.0,3.0,15.909999999999998,1.3,14.0,50,26,90,Rice
black,6.4,281.0,4.0,21.57,1.0,6.0,50,26,90,Rice
brown,5.91,269.0,2.0,22.89,1.8,11.0,90,25,100,Rice
brown,5.8,230.0,3.0,25.0293402,1.2,7.0,90,25,100,Rice
black,5.8,447.0,11.0,25.0293402,2.0,8.0,90,25,100,Rice
brown,5.3,288.0,3.0,14.249999999999998,1.1,12.0,50,26,90,Rice
brown,6.9,259.0,10.0,8.08,2.2,6.0,90,25,100,Rice
brown,6.01,168.0,2.5,15.0630657,1.1,8.4,90,25,100,Rice
brown,5.3,383.0,7.0,16.78,1.7,12.0,50,26,90,Rice
brown,6.01,170.0,0.05,15.0630657,1.1,7.7,90,25,100,Rice
brown,6.01,238.0,0.9,15.0630657,1.4,9.1,90,25,100,Rice
brown,6.11,130.0,0.05,6.566235,1.0,7.5,90,25,100,Rice
brown,6.01,169.0,1.9,15.0630657,1.7,11.7,90,25,100,Rice
brown,5.3,248.0,4.0,16.8,1.3,10.0,50,26,90,Rice
brown,6.01,111.0,2.6,15.0630657,1.2,6.9,90,25,100,Rice
brown,5.6,188.0,1.0,22.89,1.1,12.0,90,25,100,Rice
black,6.4,286.0,9.0,20.54,2.4,6.0,50,26,90,Rice
brown,6.37,79.0,4.7,11.1842553,0.7,5.0,90,25,100,Rice
brown,5.85,106.0,3.0,22.89,0.9,8.0,90,25,100,Rice
brown,6.01,108.0,1.0,15.0630657,1.6,5.8,90,25,100,Rice
black,6.3,606.0,8.0,17.88,2.2,8.0,90,25,100,Rice
brown,5.9,259.0,5.4,10.02,0.8,0.05,90,25,100,Rice
brown,5.9,197.0,2.3,10.02,0.9,8.1,90,25,100,Rice
brown,6.37,88.0,5.1,11.1842553,0.9,5.0,90,25,100,Rice
black,5.83,321.0,2.0,22.89,1.5,6.0,110,25,110,Rice
black,5.2,236.0,3.0,19.44,1.0,8.0,50,26,90,Rice
brown,6.37,118.0,2.0,11.1842553,1.6,7.3,90,25,100,Rice
brown,5.0,288.0,5.0,17.2,1.6,8.0,50,26,90,Rice
black,4.8,173.0,4.0,23.05,1.6,7.0,50,26,90,Rice
black,6.8,267.0,1.0,8.84,1.1,4.0,90,25,100,Rice
brown,5.9,312.0,1.0,10.02,1.3,4.0,90,25,100,Rice
black,5.68,154.0,1.0,7.6819645,1.5,5.0,90,25,100,Rice
brown,5.0,257.0,5.0,16.96,1.3,10.0,50,26,90,Rice
black,5.4,289.0,3.0,12.24,1.4,7.0,50,26,90,Rice
brown,5.68,100.0,0.05,7.6819645,1.6,2.9,90,25,100,Rice
brown,4.9,305.0,6.0,22.79,2.5,9.0,50,26,90,Rice
black,5.7,469.0,7.0,15.18,1.6,6.0,50,26,90,Rice
brown,6.5,230.0,3.0,7.39,1.2,4.0,90,25,100,Rice
brown,6.8,271.0,1.0,8.17,1.3,5.0,90,25,100,Rice
brown,5.5,310.0,5.0,11.14,1.1,9.0,50,26,90,Rice
black,5.4,216.0,6.0,22.55,1.7,6.0,90,25,100,Rice
brown,5.58,121.0,0.05,10.7446046,1.0,7.1,90,25,100,Rice
black,7.8,333.0,3.0,10.83,1.4,4.0,90,25,100,Rice
brown,7.75,84.0,2.5,9.7377506,1.4,0.05,90,25,100,Rice
brown,5.68,89.0,0.8,7.6819645,0.6,8.3,90,25,100,Rice
black,6.4,370.0,3.0,7.779999999999999,1.4,4.0,90,25,100,Rice
black,6.4,508.0,3.0,6.9,0.9,4.0,90,25,100,Rice
brown,7.0,359.0,7.0,8.39,1.5,4.0,90,25,100,Rice
brown,5.58,162.0,0.05,10.7446046,1.2,2.2,90,25,100,Rice
black,5.68,175.0,1.6,7.6819645,1.5,3.9,90,25,100,Rice
black,6.4,476.0,1.0,6.93,1.2,3.0,90,25,100,Rice
black,5.0,431.0,6.0,17.52,1.8,12.0,90,25,100,Rice
black,5.68,156.0,5.0,7.6819645,1.8,3.8,90,25,100,Rice
black,6.3,514.0,1.0,7.290000000000001,1.3,4.0,90,25,100,Rice
brown,6.58,343.0,11.4,17.6364723,1.3,5.9,90,25,100,Rice
brown,5.4,324.0,3.0,11.62,1.2,5.0,50,26,90,Rice
brown,6.3,331.0,1.0,11.84,1.2,4.0,90,25,100,Rice
brown,5.4,315.0,12.0,21.77,0.9,8.0,90,25,100,Rice
brown,5.1,413.0,5.0,21.38,1.8,9.0,50,26,90,Rice
brown,6.1,215.0,6.0,17.79,0.8,4.0,90,25,100,Rice
black,6.6,484.0,1.0,14.17,1.3,6.0,90,25,100,Rice
brown,4.7,102.0,1.5,18.01,1.4,3.2,90,25,100,Rice
brown,6.7,237.0,13.0,9.2,0.8,4.0,50,26,90,Rice
brown,5.9,247.0,1.0,17.11,0.8,7.0,90,25,100,Rice
brown,6.5,181.0,16.0,9.26,0.8,4.0,90,25,100,Rice
black,6.6,466.0,12.0,15.32,1.4,6.0,90,25,100,Rice
brown,7.1,890.0,123.0,15.23,3.7,7.0,90,25,100,Rice
brown,6.3,96.0,3.0,10.9118423,0.6,9.3,90,25,100,Rice
brown,6.7,258.0,12.0,10.84,1.3,4.0,90,25,100,Rice
brown,6.09,265.0,5.1,14.5157154,0.9,2.9,90,25,100,Rice
black,6.1,331.0,2.5,17.79,1.0,0.05,90,25,100,Rice
brown,5.3,233.0,4.0,16.66,1.7,9.0,90,25,100,Rice
brown,6.3,139.0,2.0,10.9118423,1.0,5.2,90,25,100,Rice
black,4.7,225.0,0.05,18.01,1.3,0.05,90,25,100,Rice
brown,6.76,166.0,1.9,10.6543564,0.6,3.0,90,25,100,Rice
brown,6.3,212.0,3.7,10.9118423,1.2,2.2,90,25,100,Rice
brown,6.3,231.0,9.0,10.9118423,1.6,2.7,90,25,100,Rice
brown,6.3,286.0,8.8,10.9118423,1.4,4.7,90,25,100,Rice
brown,5.84,160.0,2.8,15.025988600000002,1.0,5.8,90,25,100,Rice
brown,5.3,185.0,3.0,16.14,0.9,8.0,90,25,100,Rice
brown,5.4,204.0,4.0,16.61,0.9,12.0,90,25,100,Rice
brown,5.4,150.0,5.0,16.2,1.0,7.0,90,25,100,Rice
black,6.1,277.0,1.2,17.79,1.4,2.2,90,25,100,Rice
brown,6.1,80.0,7.8,17.79,0.7,0.05,90,25,100,Rice
black,6.7,373.0,8.0,15.32,2.0,5.0,90,25,100,Rice
brown,4.7,145.0,8.0,21.27,1.3,14.0,90,25,100,Rice
brown,5.4,102.0,2.0,16.07,0.7,8.0,90,25,100,Rice
brown,5.4,81.0,2.0,14.510000000000002,0.8,7.0,90,25,100,Rice
brown,6.3,126.0,0.05,10.71,0.8,6.2,90,25,100,Rice
brown,6.06,207.0,1.1,8.3567161,1.1,7.3,90,25,100,Rice
black,6.3,200.0,0.05,10.71,0.6,4.4,90,25,100,Rice
brown,5.5,182.0,1.2,8.27,1.1,6.3,90,25,100,Rice
brown,5.5,149.0,3.0,12.67,1.1,8.0,90,25,100,Rice
brown,6.06,155.0,0.05,8.3567161,1.0,4.9,90,25,100,Rice
brown,5.4,165.0,1.0,15.54,0.7,11.0,90,25,100,Rice
brown,6.59,194.0,1.8,6.407185699999999,1.5,10.2,90,25,100,Rice
black,6.3,400.0,1.0,10.71,0.9,4.0,90,25,100,Rice
brown,6.59,262.0,0.05,6.407185699999999,0.8,0.05,90,25,100,Rice
brown,6.06,163.0,2.9,8.3567161,1.3,5.5,90,25,100,Rice
brown,6.06,241.0,2.6,8.3567161,1.2,4.7,90,25,100,Rice
brown,5.5,121.0,2.0,8.27,0.8,8.0,90,25,100,Rice
brown,5.5,222.0,1.0,8.27,1.0,3.9,90,25,100,Rice
brown,5.5,255.0,2.0,11.58,1.5,8.0,90,25,100,Rice
brown,5.5,207.0,2.0,18.18,1.6,8.0,90,25,100,Rice
brown,6.0,185.0,2.0,11.29,1.5,5.0,90,25,100,Rice
black,6.06,331.0,1.6,8.3567161,0.9,10.9,90,25,100,Rice
brown,5.6,271.0,3.0,23.34,3.7,12.0,90,25,100,Rice
brown,5.7,209.0,2.0,17.21,0.7,7.0,90,25,100,Rice
brown,5.0,137.0,2.0,23.9,1.4,14.0,90,25,100,Rice
brown,5.9,193.0,1.0,17.24,1.2,7.0,90,25,100,Rice
brown,5.0,175.0,3.0,23.24,1.2,15.0,90,25,100,Rice
black,6.4,299.0,2.0,16.8,1.0,5.0,90,25,100,Rice
brown,6.7,300.0,38.9,9.91,1.9,3.9,90,25,100,Rice
brown,6.7,154.0,2.0,9.91,1.1,4.0,90,25,100,Rice
black,6.06,251.0,0.05,8.3567161,0.9,6.3,90,25,100,Rice
black,6.06,251.0,1.1,8.3567161,0.9,2.8,90,25,100,Rice
brown,6.06,271.0,1.1,8.3567161,1.0,8.9,90,25,100,Rice
brown,5.6,117.0,1.0,21.22,1.6,7.0,90,25,100,Rice
brown,5.71,274.0,0.05,8.7606518,0.9,7.3,90,25,100,Rice
black,6.15,182.0,2.0,7.9226038,0.8,6.2,90,25,100,Rice
brown,6.46,84.0,4.6,10.3963704,0.7,4.5,90,25,100,Rice
brown,5.5,298.0,8.0,19.01,1.4,8.0,90,25,100,Rice
brown,5.5,216.0,12.0,16.63,0.6,6.0,90,25,100,Rice
brown,6.46,298.0,1.1,10.3963704,1.7,5.1,90,25,100,Rice
black,6.3,278.0,2.0,13.51,1.0,4.0,90,25,100,Rice
brown,6.06,282.0,2.0,8.3567161,1.3,6.2,90,25,100,Rice
brown,6.98,83.0,5.7,12.0529872,0.9,2.5,90,25,100,Rice
black,6.46,250.0,2.3,10.3963704,0.8,0.05,90,25,100,Rice
black,6.1,197.0,3.0,19.57,1.5,5.0,90,25,100,Rice
brown,6.46,292.0,3.1,10.3963704,1.1,4.9,90,25,100,Rice
black,6.1,167.0,1.4,19.57,0.7,2.4,90,25,100,Rice
brown,5.93,387.0,1.3,15.1666688,0.9,7.8,90,25,100,Rice
brown,5.6,284.0,5.0,17.9,1.2,9.0,90,25,100,Rice
brown,6.2,123.0,1.0,15.310000000000002,1.0,4.0,90,25,100,Rice
brown,6.0,418.0,2.0,12.52,1.0,4.0,90,25,100,Rice
brown,6.46,276.0,0.05,10.3963704,1.0,7.9,90,25,100,Rice
brown,5.5,285.0,3.0,16.96,1.1,8.0,90,25,100,Rice
black,5.93,216.0,0.7,15.1666688,0.8,9.4,90,25,100,Rice
brown,5.7,330.0,2.0,11.56,1.1,8.0,90,25,100,Rice
brown,5.6,268.0,2.0,10.29,1.0,7.0,90,25,100,Rice
brown,6.3,177.0,1.0,6.16,1.4,4.0,90,25,100,Rice
black,5.67,153.0,1.6,9.6354967,1.7,6.7,90,25,100,Rice
brown,6.0,207.0,1.0,7.3,1.2,5.0,90,25,100,Rice
brown,6.55,117.0,2.9,13.1968013,1.3,3.7,90,25,100,Rice
black,6.55,287.0,3.7,13.1968013,1.2,7.5,90,25,100,Rice
brown,6.55,157.0,5.7,13.1968013,1.1,7.7,90,25,100,Rice
black,5.8,323.0,1.0,10.69,1.4,5.0,90,25,100,Rice
black,6.55,351.0,10.7,13.1968013,1.8,5.7,90,25,100,Rice
brown,6.8,114.0,5.0,4.67,1.2,3.0,90,25,100,Rice
brown,5.7,246.0,1.0,10.59,1.1,5.0,90,25,100,Rice
brown,5.4,313.0,2.0,15.65,1.3,8.0,90,25,100,Rice
brown,5.4,250.0,3.0,7.79,1.0,9.0,90,25,100,Rice
brown,5.8,165.0,3.0,10.33,1.0,6.0,90,25,100,Rice
brown,5.9,182.0,21.2,7.85,1.1,4.2,90,25,100,Rice
brown,6.35,325.0,1.7,8.1543819,1.2,4.6,90,25,100,Rice
brown,6.35,270.0,2.1,8.1543819,1.0,11.9,70,28,110,Rice
brown,5.5,379.0,5.0,12.03,2.2,12.0,70,28,110,Rice
brown,5.3,162.0,1.0,12.24,1.1,9.0,70,28,110,Rice
brown,5.9,132.0,4.1,7.85,1.0,5.2,70,28,110,Rice
brown,5.9,667.0,4.0,13.86,1.9,6.0,70,28,110,Rice
brown,6.1,522.0,3.0,9.09,1.5,7.0,70,28,110,Rice
brown,5.3,337.0,4.0,12.4,1.8,10.0,70,28,110,Rice
brown,5.6,234.0,1.0,11.16,1.2,6.0,70,28,110,Rice
brown,5.6,139.0,3.0,11.16,0.9,10.0,70,28,110,Rice
brown,6.35,119.0,1.9,8.1543819,1.1,14.3,70,28,110,Rice
brown,5.6,321.0,4.0,11.16,1.0,6.0,70,28,110,Rice
black,6.0,322.0,10.0,8.01,1.1,5.0,70,28,110,Rice
brown,6.35,247.0,1.2,8.1543819,0.8,10.3,70,28,110,Rice
brown,5.6,247.0,3.0,14.49,1.4,10.0,70,28,110,Rice
brown,5.6,218.0,2.0,11.16,2.1,13.0,70,28,110,Rice
brown,5.6,221.0,2.0,11.16,1.5,7.0,70,28,110,Rice
brown,5.6,420.0,3.0,21.74,1.6,9.0,70,28,110,Rice
brown,5.5,336.0,2.0,16.37,1.0,12.0,70,28,110,Rice
brown,5.6,348.0,3.0,11.16,1.3,9.0,70,28,110,Rice
brown,6.5,175.0,5.0,7.55,0.6,4.0,70,28,110,Rice
brown,5.4,314.0,2.0,16.919999999999998,1.2,13.0,70,28,110,Rice
brown,5.2,301.0,3.0,13.99,1.2,10.0,70,28,110,Rice
black,5.7,294.0,2.0,9.91,0.9,6.0,70,28,110,Rice
black,5.7,311.0,3.0,9.61,1.2,7.0,70,28,110,Rice
black,5.6,348.0,2.0,11.16,2.0,12.0,70,28,110,Rice
black,5.5,331.0,13.0,16.37,1.6,6.0,70,28,110,Rice
brown,5.6,152.0,5.0,11.16,1.3,6.0,70,28,110,Rice
brown,5.3,287.0,2.0,15.53,1.2,10.0,70,28,110,Rice
black,5.6,334.0,2.0,11.31,1.2,7.0,70,28,110,Rice
brown,5.8,676.0,7.0,17.59,3.2,12.0,70,28,110,Rice
brown,5.9,420.0,8.0,12.01,1.9,11.0,70,28,110,Rice
black,6.5,324.0,1.0,8.870000000000001,0.8,4.0,70,28,110,Rice
brown,5.9,524.0,11.0,14.7,3.0,6.0,70,28,110,Rice
brown,5.8,294.0,4.0,9.24,1.5,6.0,70,28,110,Rice
brown,5.7,284.0,1.0,9.99,1.3,5.0,70,28,110,Rice
brown,6.5,191.0,3.0,10.06,0.8,5.0,70,28,110,Rice
black,6.7,267.0,2.0,5.27,1.3,4.0,70,28,110,Rice
brown,5.6,123.0,2.0,21.75,1.4,12.0,80,29,110,Rice
brown,6.8,333.0,16.0,4.97,1.1,8.0,70,28,110,Rice
brown,6.3,291.0,3.0,9.05,1.2,6.0,70,28,110,Rice
brown,6.1,410.0,52.0,11.99,1.8,6.0,70,28,110,Rice
brown,5.1,184.0,4.0,18.78,0.6,18.0,80,29,110,Rice
brown,5.2,399.0,2.0,14.41,1.4,13.0,70,28,110,Rice
black,6.0,436.0,3.0,10.83,1.5,6.0,70,28,110,Rice
black,5.5,352.0,1.0,9.29,1.6,7.0,70,28,110,Rice
brown,6.4,429.0,18.0,7.57,1.4,5.0,70,28,110,Rice
black,6.2,289.0,2.0,8.04,1.2,4.0,70,28,110,Rice
brown,6.5,320.0,5.0,7.33,1.0,9.0,70,28,110,Rice
black,6.3,291.0,2.0,11.19,1.0,5.0,70,28,110,Rice
brown,6.0,289.0,4.0,10.7,0.7,8.0,70,28,110,Rice
black,5.7,365.0,2.0,13.35,1.3,6.0,70,28,110,Rice
brown,6.0,310.0,2.0,15.32,1.6,9.0,70,28,110,Rice
black,7.1,288.0,1.0,10.85,1.1,4.0,70,28,110,Rice
black,6.2,675.0,10.0,23.62,1.9,11.0,70,28,110,Rice
black,6.1,445.0,3.0,19.24,1.2,9.0,70,28,110,Rice
brown,5.5,102.0,1.0,17.9,0.6,13.0,80,29,110,Rice
black,5.9,471.0,4.0,15.58,1.3,7.0,70,28,110,Rice
black,5.9,316.0,2.0,13.35,1.1,5.0,70,28,110,Rice
black,6.5,228.0,2.0,13.51,0.9,6.0,70,28,110,Rice
brown,5.8,291.0,1.0,15.740000000000002,0.9,7.0,70,28,110,Rice
brown,5.9,428.0,3.0,19.11,1.7,4.0,70,28,110,Rice
brown,5.1,222.0,1.0,23.44,1.2,5.0,70,28,110,Rice
brown,5.7,430.0,3.0,17.21,1.2,9.0,70,28,110,Rice
black,6.2,332.0,2.0,17.560000000000002,0.8,6.0,70,28,110,Rice
black,5.8,285.0,1.0,17.130000000000003,1.0,4.0,70,28,110,Rice
black,6.5,299.0,2.0,16.619999999999997,1.0,4.0,70,28,110,Rice
reddish brown,6.61,79.0,3.94,10.0,1.34,6.98,70,28,110,Rice
black,6.3,317.0,1.0,15.9,0.8,5.0,70,28,110,Rice
brown,5.8,326.0,2.0,16.82,1.0,5.0,70,28,110,Rice
black,6.1,276.0,1.0,15.87,0.9,4.0,70,28,110,Rice
black,6.2,281.0,3.0,15.52,1.2,5.0,70,28,110,Rice
brown,6.7,220.0,3.0,12.23,1.0,6.0,70,28,110,Rice
brown,5.1,278.0,1.0,23.44,1.9,2.0,70,28,110,Rice
brown,5.6,481.0,2.0,18.74,1.4,10.0,70,28,110,Rice
black,7.2,288.0,1.0,10.61,1.0,6.0,70,28,110,Rice
black,6.0,468.0,1.0,10.52,0.9,3.0,70,28,110,Rice
black,6.7,284.0,1.0,11.83,0.9,4.0,70,28,110,Rice
black,6.1,375.0,2.0,10.01,1.2,7.0,70,28,110,Rice
brown,5.0,268.0,3.0,16.76,1.6,10.0,70,28,110,Rice
brown,6.1,205.0,6.0,16.89,1.4,8.0,70,28,110,Rice
brown,6.2,287.0,5.0,14.63,1.0,6.0,70,28,110,Rice
brown,5.8,455.0,4.0,15.6,1.5,7.0,70,28,110,Rice
black,6.1,208.0,2.0,9.11,2.7,4.0,70,28,110,Rice
brown,6.3,114.0,2.0,10.95,1.3,2.0,70,28,110,Rice
brown,6.5,542.0,5.0,14.66,1.1,4.0,70,28,110,Rice
brown,6.3,285.0,2.0,7.93,0.8,8.0,70,28,110,Rice
brown,5.3,369.0,4.0,27.1,1.7,13.0,80,29,110,Rice
black,5.3,276.0,2.0,12.7,1.8,7.0,80,29,110,Rice
brown,5.3,339.0,2.0,14.8,1.1,12.0,80,29,110,Rice
black,6.07,301.0,5.08,17.0,1.88,12.1,70,28,110,Rice
black,5.9,422.0,3.0,10.3,1.7,7.0,80,29,110,Rice
reddish brown,5.44,271.0,2.01,22.0,2.05,16.8,70,28,110,Rice
brown,5.3,366.0,5.0,17.599999999999998,1.1,11.0,80,29,110,Rice
black,5.1,125.0,2.0,14.32,1.2,16.0,80,29,110,Rice
black,5.1,233.0,3.0,16.400000000000002,4.4,13.0,80,29,110,Rice
black,6.14,241.0,3.44,13.0,1.64,9.81,70,28,110,Rice
brown,6.0,300.0,2.0,11.9,1.6,11.0,80,29,110,Rice
brown,6.39,345.0,6.18,21.0,2.56,8.43,70,28,110,Rice
brown,6.24,195.0,2.28,12.0,1.33,9.04,70,28,110,Rice
brown,5.0,208.0,9.0,16.900000000000002,2.0,12.0,80,29,110,Rice
brown,6.17,291.0,1.45,14.000000000000002,2.18,12.2,70,28,110,Rice
black,5.5,200.0,8.0,15.8,2.2,11.0,80,29,110,Rice
black,5.4,134.0,7.0,8.61,1.7,10.0,80,29,110,Rice
brown,5.67,317.0,1.89,20.0,1.15,10.5,70,28,110,Rice
brown,5.76,528.0,9.03,24.0,2.31,9.23,70,28,110,Rice
brown,5.4,230.0,6.01,14.000000000000002,1.13,15.4,80,29,110,Rice
brown,5.68,166.0,2.54,16.0,1.49,7.62,80,29,110,Rice
reddish brown,5.94,220.0,5.41,19.0,1.97,8.07,70,28,110,Rice
reddish brown,5.3,98.0,1.14,16.0,0.68,8.65,80,29,110,Rice
brown,7.2,214.0,1.21,8.0,0.78,4.04,80,29,110,Rice
brown,5.78,198.0,2.7,12.0,1.28,5.53,60,30,120,Rice
brown,6.25,217.0,1.55,14.000000000000002,0.63,4.22,60,30,120,Rice
brown,5.87,238.0,5.06,12.0,1.2,6.13,80,29,110,Rice
reddish brown,6.12,544.0,1.03,16.0,2.35,7.88,70,28,110,Rice
brown,5.93,350.0,32.2,18.0,0.63,5.31,60,30,120,Rice
brown,6.71,118.0,9.14,11.0,0.5,5.6,60,30,120,Rice
brown,6.55,184.0,18.5,15.0,0.27,5.7,60,30,120,Rice
reddish brown,5.26,179.0,1.97,15.0,0.97,14.5,60,30,120,Rice
brown,6.72,416.0,15.5,16.0,0.72,5.5,60,30,120,Rice
brown,6.78,464.0,20.1,15.0,0.75,8.96,60,30,120,Rice
brown,6.46,190.0,3.97,8.0,0.63,8.02,80,29,110,Rice
brown,5.61,195.0,7.24,19.0,2.18,8.01,70,28,110,Rice
black,6.02,217.0,0.73,10.0,0.85,8.05,80,29,110,Rice
reddish brown,6.02,257.0,1.04,12.0,0.97,7.61,80,29,110,Rice
brown,6.23,195.0,2.05,9.0,0.58,7.75,80,29,110,Rice
black,6.51,196.0,1.25,9.0,0.64,5.41,60,30,120,Rice
black,6.44,222.0,3.11,11.0,0.75,7.28,80,29,110,Rice
brown,5.98,326.0,36.0,26.0,2.56,7.82,70,28,110,Rice
black,6.46,516.0,63.2,20.0,2.08,12.6,60,30,120,Rice
brown,6.12,227.0,1.43,10.0,0.78,5.53,80,29,110,Rice
black,6.23,377.0,5.16,20.0,3.12,12.8,60,30,120,Rice
brown,7.17,267.0,1.86,14.000000000000002,1.11,5.62,60,30,120,Rice
brown,5.67,261.0,4.76,19.0,1.31,9.36,60,30,120,Rice
